date,developing,Africa,Asia,America,med_developing,med_Africa,med_Asia,med_America
01/Jan/2019,191.22,222.9,185.716,208.055,101.265,103.906,103.321,100.05
02/Jan/2019,190.824,222.382,185.027,209.313,100.871,103.822,103.069,100.05
03/Jan/2019,190.505,222.555,184.545,209.681,100.85,103.864,102.98,100.05
04/Jan/2019,191.535,222.98,185.603,210.809,101.13,103.864,103.21,100.212
07/Jan/2019,191.406,223.306,185.446,210.641,101.13,103.864,103.378,100.109
08/Jan/2019,190.886,222.92,184.749,211.033,101.13,103.864,103.609,100.284
09/Jan/2019,191.234,223.457,185.012,211.764,101.13,103.779,103.773,100.3
10/Jan/2019,191.736,223.757,185.674,211.478,101.13,103.695,104.13,100.245
11/Jan/2019,191.7,223.28,185.671,211.444,101.408,103.653,103.737,100.182
14/Jan/2019,191.678,223.305,185.567,211.855,101.332,103.653,104.34,100.254
15/Jan/2019,191.613,223.244,185.539,211.581,101.438,103.528,104.281,100.404
16/Jan/2019,192.195,223.169,186.273,211.61,101.501,102.944,103.988,100.424
17/Jan/2019,191.927,223.369,185.997,211.195,101.207,102.986,104.056,100.421
18/Jan/2019,191.934,223.003,186.051,211.098,101.551,102.903,103.745,100.106
21/Jan/2019,191.787,223.151,185.89,210.905,100.971,102.903,103.785,100.106
22/Jan/2019,191.458,222.732,185.666,210.032,100.79,102.986,103.639,100.176
23/Jan/2019,192.026,223.021,186.21,210.854,100.975,102.986,103.717,100.176
24/Jan/2019,192.163,222.997,186.409,210.716,101.027,103.027,103.552,100.17
25/Jan/2019,192.525,223.26,186.815,210.885,101.514,103.027,103.545,100.176
28/Jan/2019,192.246,223.732,186.432,210.856,101.366,103.027,103.875,100.05
29/Jan/2019,192.473,223.854,186.585,211.529,101.366,102.986,103.957,100
30/Jan/2019,193.118,224.279,187.311,211.829,101.366,102.944,104.516,100.05
31/Jan/2019,193.785,224.386,187.984,212.694,101.366,102.944,104.589,100.05
01/Feb/2019,193.155,224.454,187.209,212.567,101.122,103.294,104.589,100.05
04/Feb/2019,193.014,224.545,187.054,212.404,101.514,102.903,104.502,100.047
05/Feb/2019,193.182,224.624,187.25,212.453,101.514,102.903,104.316,100.066
06/Feb/2019,192.97,224.081,187.122,211.924,101.366,102.903,104.42,100.097
07/Feb/2019,192.669,223.591,186.836,211.618,101.366,102.903,104.144,100.101
08/Feb/2019,192.787,223.641,187.005,211.485,101.366,102.903,103.603,100.122
11/Feb/2019,192.132,223.247,186.361,210.661,101.167,102.82,103.396,100.068
12/Feb/2019,192.616,223.149,186.838,211.432,101.288,102.862,103.413,100.095
13/Feb/2019,192.331,223.08,186.655,210.491,101.366,102.82,103.538,100.052
14/Feb/2019,192.353,222.767,186.594,211.114,101.271,102.631,103.848,100.05
15/Feb/2019,192.353,223.019,186.5,211.52,101.403,102.041,103.821,100.05
18/Feb/2019,192.152,223.06,186.324,211.079,101.361,102.041,103.68,100.05
19/Feb/2019,192.418,223.012,186.582,211.525,101.44,102.082,103.869,100.058
20/Feb/2019,192.53,223.109,186.743,211.376,101.44,102.041,104.089,100.05
21/Feb/2019,192.384,222.854,186.707,210.673,101.292,102.001,103.67,100.05
22/Feb/2019,192.558,222.846,186.818,211.26,101.421,102.001,103.603,100.05
25/Feb/2019,192.873,223.039,187.202,211.256,101.482,102.368,103.703,100.05
26/Feb/2019,192.775,222.811,187.083,211.324,101.528,102.655,104.009,100.05
27/Feb/2019,192.807,222.875,187.064,211.623,101.697,102.286,103.698,100.05
28/Feb/2019,192.594,222.563,186.923,211.06,101.544,102.286,103.636,100.05
01/Mar/2019,192.211,222.283,186.53,210.681,101.451,102.286,103.555,100.122
04/Mar/2019,192.177,222.248,186.497,210.649,101.559,102.286,103.603,100.05
05/Mar/2019,192.214,222.41,186.517,210.723,101.314,102.286,103.676,100.05
06/Mar/2019,191.858,222.116,186.283,209.678,101.402,102.286,103.37,100.05
07/Mar/2019,191.505,221.844,186.01,208.853,101.421,102.286,103.239,100.05
08/Mar/2019,191.634,221.953,186.167,208.837,101.292,102.368,103.198,100.05
11/Mar/2019,191.629,221.845,186.084,209.3,101.487,102.286,103.595,100.05
12/Mar/2019,191.824,222.023,186.207,209.895,101.636,102.286,103.778,100.05
13/Mar/2019,191.845,221.915,186.235,209.929,101.744,102.286,103.684,100.122
14/Mar/2019,191.653,221.823,186.083,209.476,101.821,102.286,103.584,100.05
15/Mar/2019,191.987,221.888,186.389,210.084,101.728,102.204,103.45,100.122
18/Mar/2019,192.084,222.348,186.361,210.707,101.744,102.204,103.432,100.05
19/Mar/2019,191.988,222.299,186.229,210.791,101.744,102.123,103.693,100.05
20/Mar/2019,192.528,222.79,186.773,211.324,101.673,101.96,103.464,100.05
21/Mar/2019,192.267,222.915,186.496,210.988,101.728,101.96,103.793,100.256
22/Mar/2019,190.421,222.736,184.557,208.956,101.719,101.96,103.563,100.05
25/Mar/2019,191.583,222.8,185.88,209.698,101.395,101.395,103.905,100.06
26/Mar/2019,192.484,222.515,187.125,209.211,101.475,101.475,104.15,100.053
27/Mar/2019,192.061,222.035,186.97,207.35,101.409,101.44,103.57,100.057
28/Mar/2019,190.986,222.09,185.41,208.455,101.13,101.44,104.008,100.078
29/Mar/2019,191.148,221.783,185.712,208.05,101.13,101.44,103.589,100.072
01/Apr/2019,191.756,222.708,186.118,209.628,101.405,101.44,103.6,100.05
02/Apr/2019,191.142,222.344,185.411,209.418,101.352,101.44,103.61,100.05
03/Apr/2019,191.208,222.565,185.49,209.348,101.44,101.44,103.498,100.05
04/Apr/2019,191.254,222.495,185.508,209.595,101.44,101.44,103.654,100.05
05/Apr/2019,191.052,222.379,185.276,209.519,101.44,101.44,103.708,100.066
08/Apr/2019,190.789,222.463,184.842,210.047,101.44,101.44,103.514,100.188
09/Apr/2019,190.87,222.446,184.94,210.075,101.44,101.44,103.339,100.188
10/Apr/2019,191.013,222.663,185.003,210.63,101.329,101.329,103.699,100.207
11/Apr/2019,190.68,222.582,184.688,210.091,101.44,101.44,103.535,100.263
12/Apr/2019,190.642,222.736,184.653,209.959,101.369,100.849,103.265,100.276
15/Apr/2019,190.405,222.402,184.396,209.864,101.44,101.44,103.811,100.229
16/Apr/2019,190.405,222.457,184.483,209.372,101.44,101.44,103.799,100.267
17/Apr/2019,190.7,222.737,184.893,209.04,100.923,100.923,103.742,100.387
18/Apr/2019,190.325,222.715,184.389,209.22,100.923,100.923,103.418,100.329
19/Apr/2019,190.329,222.659,184.387,209.283,101.13,100.923,103.418,100.329
22/Apr/2019,190.085,222.53,184.137,209.028,101.369,100.923,103.341,100.333
23/Apr/2019,189.942,222.3,183.988,208.951,100.926,100.923,103.187,100.362
24/Apr/2019,189.567,222.703,183.72,207.663,100.912,101.292,102.747,100.279
25/Apr/2019,189.181,222.465,183.169,208.124,100.901,100.901,102.529,100.273
26/Apr/2019,189.37,222.597,183.317,208.555,100.796,101.292,102.529,100.115
29/Apr/2019,189.271,223.068,183.225,208.186,101.146,101.181,102.703,100.115
30/Apr/2019,189.26,222.803,183.149,208.635,101.292,101.292,102.737,100.088
01/May/2019,189.265,222.568,183.185,208.567,101.292,101.292,102.539,100.115
02/May/2019,189.159,222.457,183.221,207.693,101.069,101.292,102.617,100.115
03/May/2019,189.338,222.618,183.297,208.441,101.292,101.292,102.577,100.115
06/May/2019,188.502,222.342,182.365,207.891,101.252,101.292,102.507,100.115
07/May/2019,188.065,222.41,181.858,207.629,101.2,101.44,102.606,100.115
08/May/2019,187.956,222.48,181.632,208.085,101.111,101.292,102.468,100.115
09/May/2019,187.481,222.515,181.106,207.67,100.795,101.292,102.218,100.115
10/May/2019,188.358,222.832,182.176,207.73,100.957,101.292,102.499,100.115
13/May/2019,187.466,223.042,181.178,206.958,100.775,101.292,102.388,100.154
14/May/2019,187.667,222.649,181.392,207.331,100.962,101.292,101.963,100.115
15/May/2019,187.772,222.66,181.55,207.185,100.775,101.07,102.027,100.151
16/May/2019,187.396,222.467,181.215,206.51,100.775,101.07,102.192,100.125
17/May/2019,186.95,222.161,180.814,205.756,100.787,101.07,101.908,100.186
20/May/2019,187.222,222.226,181.135,205.852,100.892,101.995,101.929,100.283
21/May/2019,187.222,222.076,181.008,206.612,100.782,100.782,101.83,100.059
22/May/2019,187.019,222.394,180.727,206.614,100.799,100.835,101.7,100.05
23/May/2019,187.011,222.381,180.752,206.426,100.795,101.44,101.579,100.05
24/May/2019,187.266,222.727,180.996,206.709,100.798,101.44,101.624,100.122
27/May/2019,187.314,222.968,181.089,206.423,100.798,101.292,101.766,100.05
28/May/2019,187.247,222.096,181.099,206.275,100.795,101.292,101.898,100.071
29/May/2019,187.349,222.036,181.094,207.028,100.775,101.292,101.821,100.025
30/May/2019,187.941,221.823,181.89,206.844,100.786,101.292,101.867,100.025
31/May/2019,188.229,221.998,182.242,206.83,100.787,101.292,101.854,100.032
03/Jun/2019,188.401,222.371,182.374,207.138,100.787,101.292,102.205,100.045
04/Jun/2019,188.684,222.013,182.574,208.142,100.625,101.292,102.258,100.066
05/Jun/2019,188.788,221.804,182.79,207.762,100.788,101.292,102.435,100.029
06/Jun/2019,188.595,221.583,182.58,207.675,100.799,101.292,102.325,100.073
07/Jun/2019,188.43,221.962,182.313,207.835,100.776,101.999,102.642,100.23
10/Jun/2019,188.531,222.21,182.347,208.242,100.63,100.324,102.598,100.208
11/Jun/2019,188.669,221.699,182.446,208.869,100.793,101.292,102.195,100.005
12/Jun/2019,188.531,221.755,182.316,208.607,100.651,101.292,102.321,100.05
13/Jun/2019,188.223,221.55,181.907,208.805,100.721,101.292,102.207,100.05
14/Jun/2019,187.868,221.487,181.571,208.22,100.799,101.44,102.193,100.05
17/Jun/2019,187.972,221.815,181.673,208.249,100.788,101.44,101.651,100.107
18/Jun/2019,188.467,221.881,182.191,208.799,100.776,100.901,101.624,100.34
19/Jun/2019,188.717,222.26,182.384,209.302,100.625,101.44,101.842,100.076
20/Jun/2019,189.315,222.617,183.067,209.543,101.023,101.44,102.029,100.076
21/Jun/2019,188.967,222.614,182.615,209.611,101.13,101.44,102.272,100.122
24/Jun/2019,189.047,222.775,182.731,209.463,101.272,101.44,102.515,100.019
25/Jun/2019,189.041,223.132,182.753,209.153,101.123,101.44,102.746,100
26/Jun/2019,189.096,222.795,182.806,209.381,101.041,101.44,102.876,99.994003
27/Jun/2019,189.191,223.098,182.861,209.606,100.861,101.44,103.097,100.05
28/Jun/2019,189.158,223.222,182.9,209.117,101.189,101.44,103.164,100.023
01/Jul/2019,189.916,223.009,183.822,209.386,101.321,101.44,102.989,100.032
02/Jul/2019,189.823,222.992,183.698,209.434,101.44,101.44,102.909,100.084
03/Jul/2019,189.955,223.163,183.791,209.758,100.849,100.849,103.103,100.05
04/Jul/2019,190.253,223.311,184.092,210.107,101.239,101.44,103.208,100.05
05/Jul/2019,189.885,222.781,183.736,209.736,100.861,101.292,103.14,100.028
08/Jul/2019,189.489,222.793,183.186,210.012,100.795,101.44,102.684,100.05
09/Jul/2019,189.426,222.791,183.154,209.752,100.797,101.44,102.526,100.05
10/Jul/2019,189.93,223.054,183.641,210.45,101.156,101.44,102.561,100.05
11/Jul/2019,190.02,223.295,183.708,210.608,101.123,101.44,102.775,100.05
12/Jul/2019,189.779,223.249,183.336,210.999,100.795,101.44,102.856,100.05
15/Jul/2019,189.837,223.461,183.433,210.78,100.819,101.44,103.227,100.05
16/Jul/2019,189.776,223.422,183.428,210.402,100.819,101.44,103.216,100.107
17/Jul/2019,189.862,223.224,183.53,210.52,100.819,101.44,103.2,100.067
18/Jul/2019,190.25,223.422,183.853,211.341,100.795,101.44,103.453,100.096
19/Jul/2019,189.964,223.198,183.618,210.754,100.8,101.44,103.724,100.106
22/Jul/2019,189.879,223.189,183.497,210.835,100.797,100.827,103.513,100.187
23/Jul/2019,189.559,223.006,183.23,210.159,100.798,102.116,103.302,100.19
24/Jul/2019,189.656,222.863,183.33,210.344,100.797,101.44,102.696,100.106
25/Jul/2019,189.648,222.784,183.351,210.212,100.776,101.44,102.606,100.057
26/Jul/2019,189.722,222.313,183.491,210.152,100.787,101.44,102.723,100.106
29/Jul/2019,189.895,222.605,183.726,209.936,100.787,101.44,102.439,100.114
30/Jul/2019,190.157,222.542,184.092,209.761,100.828,101.44,102.321,100.305
31/Jul/2019,189.961,222.363,183.934,209.352,101.14,101.255,102.068,100.113
01/Aug/2019,189.575,221.794,183.624,208.624,100.797,101.255,101.875,100.106
02/Aug/2019,189.211,221.651,183.342,207.716,100.797,100.827,101.781,100.05
05/Aug/2019,187.962,221.68,182.098,205.912,100.73,101.255,101.639,100.105
06/Aug/2019,188.336,221.561,182.508,206.294,100.775,101.255,101.627,100.097
07/Aug/2019,188.212,221.524,182.398,206.054,100.775,101.255,101.496,100.122
08/Aug/2019,188.674,221.48,182.776,207.195,100.775,101.255,101.423,100.056
09/Aug/2019,188.378,221.302,182.476,206.869,100.721,104.395,101.334,100.117
12/Aug/2019,187.803,220.867,181.952,205.951,100.737,101.255,101.334,100.05
13/Aug/2019,187.961,220.965,182.025,206.605,100.809,101.255,101.266,100.036
14/Aug/2019,187.624,220.486,181.931,204.991,100.665,101.255,101.225,100
15/Aug/2019,187.778,220.629,181.973,205.764,100.73,100.835,101.193,100
16/Aug/2019,187.801,220.641,182.024,205.639,100.721,100.827,101.261,100
19/Aug/2019,187.112,220.078,181.403,204.525,100.483,101.403,101.164,100.05
20/Aug/2019,186.813,220.174,180.935,204.99,100.483,101.366,101.139,100.05
21/Aug/2019,186.949,220.423,181.005,205.439,100.483,101.366,101.142,100.094
22/Aug/2019,186.405,220.475,180.45,204.702,100.483,101.366,101.085,100.094
23/Aug/2019,186.334,220.548,180.502,203.9,100.516,101.366,101.417,100.044
26/Aug/2019,185.567,220.668,179.611,203.438,100.54,100.82,101.323,100.045
27/Aug/2019,185.556,220.322,179.609,203.515,100.483,101.366,101.407,100.007
28/Aug/2019,185.436,219.769,179.609,202.923,100.483,101.366,101.26,99.987999
29/Aug/2019,185.525,219.974,179.697,202.972,100.324,101.366,101.173,99.976997
30/Aug/2019,185.613,220.122,179.734,203.314,100.483,101.366,101.084,100.05
02/Sep/2019,185.434,220.305,179.606,202.704,100.401,100.857,101.018,99.973
03/Sep/2019,185.698,219.809,179.901,203.115,100.388,101.366,101.048,100.004
04/Sep/2019,186.458,220.305,180.582,204.423,100.513,101.366,101.248,100.004
05/Sep/2019,186.344,220.568,180.435,204.327,100.777,101.292,101.19,100.102
06/Sep/2019,186.66,220.542,180.658,205.293,100.777,100.849,101.348,100.236
09/Sep/2019,186.422,221.018,180.414,204.789,101.148,101.292,101.348,100.059
10/Sep/2019,186.427,220.945,180.366,205.119,101.106,104.16,101.579,100.558
11/Sep/2019,186.524,220.907,180.481,205.171,101.062,101.144,101.585,100.05
12/Sep/2019,187.375,221.313,181.468,205.472,101.041,101.292,101.889,100.05
13/Sep/2019,187.213,221.3,181.303,205.262,101.009,100.827,101.758,100.05
16/Sep/2019,186.959,221.266,180.994,205.213,100.823,101.292,101.651,100.159
17/Sep/2019,186.902,220.888,180.946,205.244,100.886,101.144,101.526,100.101
18/Sep/2019,187.061,220.9,181.225,204.806,100.483,101.144,101.526,100.371
19/Sep/2019,186.817,220.765,181.063,204.073,100.56,100.82,101.36,100.122
20/Sep/2019,186.819,220.744,181.046,204.184,100.579,101.144,101.378,100.027
23/Sep/2019,186.759,220.685,181.027,203.899,100.56,101.144,101.257,100.063
24/Sep/2019,186.829,220.694,181.109,203.927,100.721,100.754,101.205,100.063
25/Sep/2019,186.79,220.376,181.093,203.881,100.503,101.144,101.241,100.11
26/Sep/2019,186.72,220.176,181.105,203.416,100.483,101.144,100.972,100.05
27/Sep/2019,186.846,219.996,181.266,203.481,100.483,101.144,101.097,100.107
30/Sep/2019,186.76,220.193,181.153,203.425,100.483,101.144,101.109,100.05
01/Oct/2019,186.288,219.95,180.621,203.182,100.483,101.144,100.984,100.11
02/Oct/2019,186.444,219.934,180.741,203.605,100.483,101.144,101.018,100.122
03/Oct/2019,186.639,219.914,180.829,204.477,100.483,101.144,101.093,100.118
04/Oct/2019,186.773,220.05,180.89,205.01,100.483,101.144,101.414,100.063
07/Oct/2019,186.036,219.896,180.106,204.281,100.477,101.144,101.433,100.062
08/Oct/2019,186.018,219.718,180.099,204.273,100.467,101.144,101.391,100.05
09/Oct/2019,185.934,219.777,180.007,204.178,100.427,101.144,101.364,100.05
10/Oct/2019,186.266,220.052,180.362,204.402,100.604,101.144,101.364,100.05
11/Oct/2019,186.3,220.07,180.342,204.745,100.667,101.144,101.462,100.05
14/Oct/2019,186.191,220.086,180.23,204.596,100.63,101.255,101.495,100.05
15/Oct/2019,185.974,219.706,180.096,203.99,100.593,101.255,101.424,100.05
16/Oct/2019,186.064,219.25,180.183,204.323,100.583,101.255,101.39,99.946999
17/Oct/2019,186.442,219.067,180.684,204.266,100.676,101.367,101.402,100.107
18/Oct/2019,186.698,219.112,180.859,205.051,100.712,101.317,101.837,100.096
21/Oct/2019,186.469,219.321,180.632,204.631,100.742,101.212,102.044,100.106
22/Oct/2019,186.765,219.194,180.918,205.157,100.709,101.107,102.013,100.114
23/Oct/2019,187.26,219.038,181.434,205.815,100.659,102.614,102.091,100.122
24/Oct/2019,187.039,218.936,181.186,205.686,100.721,100.978,102.151,100.086
25/Oct/2019,187.13,218.905,181.201,206.249,100.576,100.857,101.929,100.122
28/Oct/2019,187.308,218.399,181.44,206.381,100.691,100.964,101.929,100.108
29/Oct/2019,187.254,218.239,181.403,206.279,100.586,101.017,101.827,100.144
30/Oct/2019,187.449,218.013,181.667,206.265,100.721,101.272,101.85,100.095
31/Oct/2019,187.424,218.066,181.731,205.727,100.721,101.52,101.976,100.191
01/Nov/2019,187.594,218.17,181.819,206.369,100.721,101.297,102.305,100.122
04/Nov/2019,187.482,218.396,181.728,205.997,101.085,101.895,102.173,100.28
05/Nov/2019,187.588,218.336,181.835,206.174,100.649,101.292,102.201,100.122
06/Nov/2019,187.481,218.525,181.859,205.223,100.636,101.19,102.047,100.122
07/Nov/2019,187.582,218.563,182.013,205.062,100.596,101.144,101.735,100.087
08/Nov/2019,187.209,218.203,181.712,204.296,100.431,101.144,101.85,100.05
11/Nov/2019,187.033,218.246,181.484,204.31,100.563,101.144,101.883,99.982002
12/Nov/2019,186.898,218.47,181.445,203.493,100.368,101.144,101.829,100.006
13/Nov/2019,186.858,218.562,181.434,203.242,100.417,100.721,101.789,100.083
14/Nov/2019,186.832,218.666,181.454,202.911,100.593,101.292,102.069,100.05
15/Nov/2019,187.09,218.959,181.663,203.421,100.586,100.915,101.9,100.107
18/Nov/2019,186.833,218.165,181.49,202.935,100.609,101.076,101.994,100.067
19/Nov/2019,187.016,218.29,181.687,203.064,100.626,100.835,102.02,100.034
20/Nov/2019,186.938,218.123,181.645,202.824,100.59,100.835,102.114,100.038
21/Nov/2019,187.031,218.203,181.721,203.019,100.494,100.597,102.027,100.05
22/Nov/2019,186.85,218.122,181.516,202.925,100.57,100.77,101.991,100.05
25/Nov/2019,186.701,217.712,181.426,202.566,100.51,100.69,101.996,100.122
26/Nov/2019,186.608,217.543,181.372,202.289,100.503,100.77,101.946,100.05
27/Nov/2019,186.515,217.268,181.373,201.753,100.47,100.625,101.966,100.05
28/Nov/2019,186.62,217.194,181.38,202.477,100.464,100.597,101.917,100.05
29/Nov/2019,186.567,217.16,181.4,202.009,100.441,100.738,101.912,100.051
02/Dec/2019,186.592,217.296,181.39,202.188,100.597,100.613,102.007,100.099
03/Dec/2019,186.457,217.14,181.191,202.407,100.479,100.479,102.174,100.122
04/Dec/2019,186.611,217.357,181.302,202.767,100.609,100.677,102.108,100.122
05/Dec/2019,186.758,217.191,181.432,203.136,100.813,100.835,102.015,100.122
06/Dec/2019,186.777,216.637,181.371,203.84,100.629,100.835,102.024,100.122
09/Dec/2019,186.679,216.665,181.219,203.984,100.599,100.915,102.162,100.122
10/Dec/2019,186.733,216.664,181.314,203.83,100.738,100.994,102.199,100.114
11/Dec/2019,186.819,216.637,181.314,204.435,100.623,100.969,102.037,100.087
12/Dec/2019,187.362,216.943,181.882,204.94,100.659,101.144,102.363,100.122
13/Dec/2019,187.231,217.064,181.726,204.845,100.926,101.144,102.289,100.052
16/Dec/2019,187.14,217.549,181.439,205.582,100.679,101.144,102.314,100.114
17/Dec/2019,186.95,217.559,181.2,205.574,100.855,101.144,102.299,100.122
18/Dec/2019,186.763,217.516,180.945,205.702,100.981,101.179,102.094,100.125
19/Dec/2019,186.641,217.53,180.789,205.704,100.619,101.144,102.413,100.156
20/Dec/2019,186.61,217.324,180.845,205.276,101.144,101.144,102.41,100.122
23/Dec/2019,186.559,217.306,180.733,205.544,101.103,101.144,102.503,100.21
24/Dec/2019,186.601,217.344,180.774,205.592,101.144,101.144,102.573,100.122
25/Dec/2019,186.764,217.378,180.981,205.568,101.204,101.204,102.53,100.122
26/Dec/2019,186.79,217.226,180.946,206.002,101.144,101.473,102.633,100.194
27/Dec/2019,186.728,217.247,180.825,206.23,101.22,102.336,102.646,100.157
30/Dec/2019,186.863,217.236,180.966,206.391,101.161,102.255,103.243,100.157
31/Dec/2019,187.049,217.47,181.183,206.39,101.268,102.491,103.189,100.157
01/Jan/2020,187.083,217.502,181.222,206.393,101.738,102.491,103.189,100.157
02/Jan/2020,187,217.151,181.112,206.572,101.682,102.45,102.953,100.122
03/Jan/2020,186.707,216.987,180.895,205.812,101.161,102.368,103.135,100.157
06/Jan/2020,186.664,217.067,180.814,205.92,101.144,102.368,103.112,100.122
07/Jan/2020,186.817,216.666,181.07,205.75,101.144,102.084,102.798,100.122
08/Jan/2020,187.203,217.158,181.462,206.051,101.207,101.72,102.585,100.122
09/Jan/2020,187.427,216.989,181.844,205.58,101.088,101.233,102.764,100.122
10/Jan/2020,187.555,216.741,182.033,205.527,101.088,101.798,102.663,100.122
13/Jan/2020,187.757,216.914,182.381,204.95,101.144,101.717,102.834,100.122
14/Jan/2020,187.764,217.116,182.341,205.132,101.144,101.556,102.783,100.122
15/Jan/2020,187.697,217.127,182.35,204.613,101.144,101.556,102.63,100.216
16/Jan/2020,187.764,216.778,182.49,204.453,101.144,101.556,102.504,100.122
17/Jan/2020,187.802,216.759,182.462,204.877,101.144,101.549,102.484,100.122
20/Jan/2020,187.632,216.754,182.301,204.594,101.146,101.154,102.484,100.122
21/Jan/2020,187.14,216.364,181.8,204.104,100.981,101.144,102.372,100.122
22/Jan/2020,187.301,216.434,181.902,204.624,100.981,101.144,102.349,100.122
23/Jan/2020,186.984,216.472,181.519,204.525,101.002,101.144,102.11,100.122
24/Jan/2020,186.96,216.292,181.536,204.337,100.933,101.106,102.024,100.05
27/Jan/2020,186.776,215.916,181.447,203.714,100.586,101.274,101.792,100.122
28/Jan/2020,186.884,215.89,181.503,204.161,100.487,101.144,101.406,100.122
29/Jan/2020,186.727,215.664,181.396,203.761,100.361,101.054,101.187,100.159
30/Jan/2020,186.531,215.433,181.237,203.377,100.287,101.144,101.181,100.033
31/Jan/2020,186.388,215.384,181.169,202.79,100.345,102.011,101.039,100.079
03/Feb/2020,185.957,215.792,180.488,203.372,100.324,101.144,100.921,100.119
04/Feb/2020,186.235,215.872,180.777,203.673,100.287,101.144,100.904,100.122
05/Feb/2020,186.412,215.856,180.942,203.995,100.324,101.01,101.039,100.122
06/Feb/2020,186.26,215.012,180.942,203.303,100.324,100.85,101.005,100.122
07/Feb/2020,185.744,214.716,180.444,202.59,100.324,100.903,100.964,100.122
10/Feb/2020,185.909,214.902,180.648,202.537,100.312,100.719,100.67,100.122
11/Feb/2020,186.058,215.053,180.807,202.632,100.213,101.126,100.598,100.05
12/Feb/2020,185.908,214.936,180.642,202.552,100.263,100.873,100.7,100.05
13/Feb/2020,185.869,214.811,180.59,202.62,100.145,100.213,100.856,100.05
14/Feb/2020,185.815,214.777,180.412,203.237,100.207,100.607,100.78,100.05
17/Feb/2020,185.845,214.49,180.533,202.897,100.206,100.618,100.752,100.05
18/Feb/2020,185.563,214.5,180.248,202.512,100.287,100.354,100.827,100.05
19/Feb/2020,185.479,214.562,180.139,202.506,100.206,100.452,100.759,100.05
20/Feb/2020,185.073,214.319,179.798,201.668,100.206,100.324,100.531,100.05
21/Feb/2020,185.026,214.564,179.707,201.745,100.213,100.689,100.36,100.083
24/Feb/2020,184.764,213.751,179.517,201.319,100.156,100.324,100.414,100.05
25/Feb/2020,184.762,213.728,179.531,201.24,100.213,100.412,100.401,100.15
26/Feb/2020,184.533,213.512,179.427,200.325,100.156,100.324,100.333,100.05
27/Feb/2020,184.294,213.15,179.302,199.511,100.129,100.431,100.171,99.884003
28/Feb/2020,183.996,213.267,178.941,199.385,100.096,100.607,100.254,100
02/Mar/2020,184.514,213.452,179.491,199.862,100.129,100.916,100.168,99.945
03/Mar/2020,184.658,213.301,179.771,199.389,100.104,101.107,100.168,99.850998
04/Mar/2020,184.865,213.386,180.176,198.565,100.129,100.71,100.265,99.916
05/Mar/2020,184.514,213.254,179.903,197.692,100.129,101.107,100.238,99.850998
06/Mar/2020,184.425,213.037,179.927,197.037,100.287,101.107,100.316,100
09/Mar/2020,183.682,213.029,179.417,194.715,100.082,99.803001,100.387,99.907997
10/Mar/2020,183.634,212.708,179.245,195.457,100.065,99.994003,100.638,99.844002
11/Mar/2020,183.09,212.397,179.017,193.087,100.082,98.790001,100.168,99.907997
12/Mar/2020,181.887,211.997,177.666,192.364,100.082,98.790001,100.168,99.929001
13/Mar/2020,181.941,212.295,177.796,191.896,100,98.790001,100.168,99.823997
16/Mar/2020,181.17,211.899,177.279,189.583,100,98.790001,100.081,100
17/Mar/2020,181.048,211.069,177.188,189.586,100,98.790001,100.168,99.823997
18/Mar/2020,180.026,210.134,176.319,187.688,100,98.695,100.064,99.933998
19/Mar/2020,179.152,209.345,175.293,187.614,100,97.323997,100.103,99.823997
20/Mar/2020,179.053,208.813,175.234,187.473,99.997002,97.336998,100.064,99.823997
23/Mar/2020,178.036,200.588,174.847,186.034,100,98.666,100.242,99.815002
24/Mar/2020,178.96,202.197,175.708,187.016,100,98.790001,100.106,99.891998
25/Mar/2020,178.651,202.143,175.08,188.344,100,98.790001,100.064,99.904999
26/Mar/2020,179.441,202.25,175.795,189.83,100,98.790001,100.116,99.815002
27/Mar/2020,178.882,201.922,175.315,188.739,100,98.790001,100.293,99.815002
30/Mar/2020,178.171,201.416,174.716,187.329,100,98.790001,100.168,99.815002
31/Mar/2020,178.2,201.618,174.722,187.411,100,98.790001,100.168,99.815002
01/Apr/2020,177.412,200.962,173.955,186.46,100,98.790001,100.168,99.815002
02/Apr/2020,177.793,200.617,174.438,186.58,100,98.496002,100.168,99.815002
03/Apr/2020,177.15,199.868,173.939,185.194,99.969002,98.790001,100.168,99.815002
06/Apr/2020,177.237,200.219,173.834,186.228,99.863998,95.514,100.168,99.815002
07/Apr/2020,177.871,200.441,174.457,187.093,99.958,95.438004,100.168,99.815002
08/Apr/2020,177.77,200.289,174.146,188.159,100,94.511002,100.168,99.815002
09/Apr/2020,178.381,200.281,174.796,188.814,100,95.009003,100.168,99.815002
10/Apr/2020,178.467,200.384,174.859,189.016,100,95.009003,100.168,99.815002
13/Apr/2020,177.962,200.351,174.421,187.952,100,95.009003,100.168,99.815002
14/Apr/2020,177.956,200.149,174.337,188.457,99.997002,95.639999,100.168,99.815002
15/Apr/2020,177.243,199.819,173.698,187.174,99.978996,95.894997,100.168,99.815002
16/Apr/2020,176.98,199.627,173.393,187.111,100,95.959,100.181,99.815002
17/Apr/2020,177.221,199.7,173.627,187.467,99.864998,95.577003,100.179,99.815002
20/Apr/2020,177.09,199.768,173.627,186.528,99.944,95.514,100.182,99.815002
21/Apr/2020,176.706,199.622,173.232,186.106,100,95.387001,100.168,99.815002
22/Apr/2020,176.684,199.179,173.415,185.143,99.999001,95.009003,100.168,99.815002
23/Apr/2020,176.881,198.961,173.818,184.386,100.29,95.045998,100.323,100.371
24/Apr/2020,176.579,199.391,173.503,183.849,99.997002,94.898003,100.168,99.815002
27/Apr/2020,176.533,199.526,173.464,183.686,100,94.572998,100.168,99.815002
28/Apr/2020,176.799,199.668,173.532,185.085,100,94.692001,100.176,99.815002
29/Apr/2020,177.354,200.075,173.865,186.922,100,94.511002,100.168,99.815002
30/Apr/2020,177.31,199.82,174.089,185.502,100,94.759003,100.168,99.815002
01/May/2020,177.061,199.604,173.855,185.155,100,94.696999,100.21,100
04/May/2020,176.932,200.066,173.656,185.158,100,94.635002,100.169,99.815002
05/May/2020,176.883,200.019,173.61,185.094,100,94.635002,100.11,100
06/May/2020,176.033,199.897,172.783,183.815,100.362,94.759003,100.106,100.933
07/May/2020,176.377,199.912,173.264,183.544,100,94.759003,100.128,100
08/May/2020,176.785,200.038,173.583,184.557,100,94.884003,100.23,100
11/May/2020,176.46,199.542,173.348,183.818,100,94.884003,100.199,99.815002
12/May/2020,176.81,199.698,173.92,183.035,100.242,94.884003,100.186,100.371
13/May/2020,176.806,199.993,173.86,183.202,100.247,94.946999,100.188,101.121
14/May/2020,176.961,199.423,173.991,183.795,100,95.113998,100.132,100
15/May/2020,176.899,199.448,173.967,183.492,100.13,95.148003,100.129,100.558
18/May/2020,177.056,199.055,173.993,184.592,99.851997,95.059998,100.168,99.815002
19/May/2020,177.486,199.091,174.551,184.49,100,94.884003,100.197,100
20/May/2020,177.69,199.378,174.6,185.511,99.997002,95.041,100.189,99.815002
21/May/2020,177.73,199.545,174.408,186.76,99.978996,95.009003,100.168,99.815002
22/May/2020,177.514,199.469,174.11,186.937,99.958,95.130997,100.168,99.815002
25/May/2020,177.6,199.428,174.083,187.688,99.995003,94.984001,100.168,99.815002
26/May/2020,178.103,199.613,174.508,188.753,100,95.172997,100.116,99.815002
27/May/2020,177.73,199.595,173.996,188.993,99.997002,95.130997,100.168,99.815002
28/May/2020,177.698,199.643,174.065,188.378,100,95.177002,100.168,99.907997
29/May/2020,177.847,199.621,174.162,188.88,100,95.135002,100.24,99.907997
01/Jun/2020,177.971,199.68,174.309,188.903,100,95.197998,100.168,99.907997
02/Jun/2020,178.833,199.915,175.069,190.589,100,95.539001,100.264,99.815002
03/Jun/2020,178.868,200.057,174.927,191.549,100.082,96.956001,100.743,99.907997
04/Jun/2020,178.772,199.684,174.921,191.078,100.09,96.82,101.082,99.934998
05/Jun/2020,179.215,199.896,175.165,192.705,100.09,98.366997,101.28,100.005
08/Jun/2020,179.428,200.029,175.223,193.799,100.1,96.538002,102.362,99.907997
09/Jun/2020,179.148,199.773,175.11,192.598,100.129,98.603996,101.808,100.005
10/Jun/2020,179.201,199.966,175.265,192.026,100,99.281998,102.019,99.907997
11/Jun/2020,178.646,198.988,174.892,190.661,100,97.188004,101.46,99.815002
12/Jun/2020,178.562,199.016,174.786,190.645,100,96.973999,101.115,99.815002
15/Jun/2020,178.347,198.893,174.65,189.961,100,97.130997,101.381,99.815002
16/Jun/2020,177.654,198.75,173.912,189.286,100,97.149002,101.44,99.815002
17/Jun/2020,177.683,199.316,173.913,189.243,100,98.457001,101.074,99.873001
18/Jun/2020,177.345,198.934,173.813,187.621,100.364,96.757004,100.887,100.371
19/Jun/2020,177.543,198.816,173.967,188.194,100,96.753998,100.801,99.815002
22/Jun/2020,177.732,198.945,174.088,188.775,100.003,96.538002,100.891,100
23/Jun/2020,177.971,199.224,174.219,189.59,100.059,97.028999,101.239,99.815002
24/Jun/2020,177.561,199.096,174.031,187.85,100.082,96.640999,101.406,99.815002
25/Jun/2020,177.609,199.526,174.03,188.002,100.023,98.425003,101.15,99.815002
26/Jun/2020,177.366,199.307,173.996,186.607,100,98.086998,101.232,99.815002
29/Jun/2020,177.405,198.61,174.006,187.111,100.059,96.614998,101.184,99.815002
30/Jun/2020,177.43,198.417,174.119,186.749,100.047,96.605003,101.554,99.815002
01/Jul/2020,177.636,198.753,174.086,188.205,100,96.667,101.439,99.815002
02/Jul/2020,177.78,199.146,174.214,188.337,100,96.796997,101.621,100
03/Jul/2020,177.757,198.677,174.163,188.656,100,96.796997,101.434,99.815002
06/Jul/2020,178.085,199.127,174.571,188.487,100.004,97.025002,102.248,99.815002
07/Jul/2020,177.992,199.098,174.565,187.893,100.028,97.150002,102.329,99.815002
08/Jul/2020,178.114,199.394,174.622,188.297,100.031,97.348,102.427,99.907997
09/Jul/2020,178.049,197.507,174.668,188.393,100.059,97.220001,101.853,99.815002
10/Jul/2020,178.024,197.599,174.571,188.711,100.059,97.425003,102.092,99.815002
13/Jul/2020,177.946,197.64,174.625,187.861,100.082,97.487999,101.708,99.815002
14/Jul/2020,177.906,197.668,174.468,188.433,100.052,99.281998,102.056,99.815002
15/Jul/2020,178.087,197.881,174.654,188.574,100.059,97.710999,101.731,99.815002
16/Jul/2020,178.06,197.837,174.613,188.626,100.08,97.905998,102.448,99.815002
17/Jul/2020,178.006,198.099,174.62,188.108,100.013,98.457001,101.719,99.815002
20/Jul/2020,178.142,198.501,174.673,188.588,100.01,98.32,101.993,99.815002
21/Jul/2020,178.515,198.522,174.885,189.987,100.011,98.746002,102.433,99.815002
22/Jul/2020,178.384,198.378,174.667,190.34,100.082,98.237,103.416,99.907997
23/Jul/2020,178.23,198.395,174.635,189.446,100.044,98.058998,103.364,99.815002
24/Jul/2020,178.14,198.268,174.532,189.443,100.004,98.189003,102.453,99.815002
27/Jul/2020,178.475,198.965,174.699,190.542,100.281,100.281,103.134,99.907997
28/Jul/2020,178.171,198.718,174.362,190.395,100.194,100.261,103.384,99.815002
29/Jul/2020,178.038,198.95,174.182,190.366,100.29,101.058,103.378,100
30/Jul/2020,177.919,198.786,174.053,190.323,100.194,101.472,103.423,99.815002
31/Jul/2020,178.056,198.323,174.401,189.553,100.318,101.192,103.554,99.815002
03/Aug/2020,177.834,197.964,174.354,188.441,100.217,101.013,103.049,99.815002
04/Aug/2020,178.057,197.733,174.653,188.433,100.194,100.849,103.03,99.815002
05/Aug/2020,178.006,198.02,174.516,188.713,100.29,101.96,103.231,99.815002
06/Aug/2020,177.305,197.862,173.681,188.518,100.497,101.746,103.87,99.815002
07/Aug/2020,176.899,197.656,173.327,187.737,100.497,101.628,103.737,99.815002
10/Aug/2020,176.729,197.096,173.265,187.147,100.322,102.337,103.266,99.815002
11/Aug/2020,177.289,197.3,173.794,188.022,100.29,102.215,102.883,99.815002
12/Aug/2020,176.988,197.321,173.472,187.703,100.29,101.234,102.914,99.815002
13/Aug/2020,177.012,197.526,173.383,188.267,100.263,101.122,102.852,99.815002
14/Aug/2020,176.865,197.844,173.21,188.067,100.194,101.601,102.795,99.815002
17/Aug/2020,176.832,197.595,173.344,187.21,100.367,101.889,103.345,99.815002
18/Aug/2020,177.029,197.917,173.492,187.627,100.819,102.16,103.181,100
19/Aug/2020,177.147,197.822,173.724,187.213,101.101,102.164,103.122,99.815002
20/Aug/2020,177.122,197.757,173.707,187.156,100.506,103.354,103.115,99.815002
21/Aug/2020,176.939,197.681,173.548,186.794,100.316,101.648,102.963,99.815002
24/Aug/2020,177.007,197.924,173.608,186.839,100.265,101.655,102.85,99.815002
25/Aug/2020,177.113,197.906,173.616,187.531,100.253,101.335,102.818,99.815002
26/Aug/2020,177.271,197.958,173.911,186.982,100.213,101.514,103.048,99.815002
27/Aug/2020,177.299,197.74,173.956,187.026,100.18,101.797,103.114,99.815002
28/Aug/2020,177.996,198.182,174.477,188.792,100.18,102.13,103.616,99.815002
31/Aug/2020,177.931,197.569,174.582,188.023,100.725,102.179,104.321,99.815002
01/Sep/2020,178.209,197.874,174.745,188.919,101.374,102.505,104.383,99.815002
02/Sep/2020,178.039,197.493,174.48,189.353,100.634,102.26,104.305,99.815002
03/Sep/2020,177.861,197.755,174.187,189.623,100.645,105.043,104.07,99.815002
04/Sep/2020,177.911,197.533,174.254,189.696,100.29,101.99,104.22,99.815002
07/Sep/2020,177.896,197.395,174.259,189.618,100.324,101.548,103.828,99.815002
08/Sep/2020,177.543,197.201,173.944,188.993,100.316,101.444,103.559,99.815002
09/Sep/2020,177.852,197.443,174.141,189.943,100.364,101.599,103.544,99.907997
10/Sep/2020,177.854,197.328,174.197,189.702,100.349,103.17,103.633,99.815002
11/Sep/2020,177.825,197.568,174.102,189.918,100.324,101.523,103.846,99.815002
14/Sep/2020,178.066,197.443,174.298,190.557,100.497,101.986,103.809,99.815002
15/Sep/2020,178.219,197.543,174.499,190.475,100.569,102.008,104.12,99.907997
16/Sep/2020,178.497,197.964,174.711,191.044,100.569,101.938,103.946,99.845001
17/Sep/2020,178.314,198.026,174.47,191.086,100.452,102.193,104.055,99.815002
18/Sep/2020,178.103,197.88,174.461,189.738,100.452,103.188,104.38,99.815002
21/Sep/2020,177.555,197.454,173.925,189.071,100.457,103.61,104.448,99.815002
22/Sep/2020,177.436,197.003,174.003,188.017,100.324,101.21,103.636,99.815002
23/Sep/2020,176.845,196.762,173.57,186.414,100.29,100.922,102.811,99.815002
24/Sep/2020,176.951,196.738,173.565,187.182,100.1,100.794,102.376,99.815002
25/Sep/2020,176.811,196.482,173.525,186.541,100.129,100.178,102.33,99.815002
28/Sep/2020,176.454,196.599,173.181,185.913,100.129,101.581,102.313,99.815002
29/Sep/2020,176.467,196.757,173.131,186.211,100.129,100.592,102.474,99.815002
30/Sep/2020,177.021,197.042,173.685,186.881,100.129,102.493,102.714,99.815002
01/Oct/2020,177.04,197.151,173.687,186.954,100.129,102.493,102.859,99.815002
02/Oct/2020,176.957,197.106,173.594,186.906,100.129,100.68,103.277,99.815002
05/Oct/2020,177.19,197.179,173.711,187.848,100.135,102.493,102.854,99.815002
06/Oct/2020,177.001,196.941,173.575,187.387,100.29,101.123,102.947,99.815002
07/Oct/2020,176.862,197.03,173.358,187.584,100.129,101.056,102.506,99.815002
08/Oct/2020,176.774,197.052,173.218,187.73,100.129,101.317,102.565,99.815002
09/Oct/2020,177.797,197.044,174.373,188.463,100.194,101.496,102.882,99.815002
12/Oct/2020,177.286,197.183,173.742,188.335,100.139,103.235,103.043,99.815002
13/Oct/2020,177.119,197.068,173.625,187.874,100.135,101.128,102.768,99.815002
14/Oct/2020,177.369,196.908,173.963,187.808,100.129,101.111,102.779,99.815002
15/Oct/2020,177.187,196.811,173.764,187.691,100.129,101.989,102.492,99.815002
16/Oct/2020,177.404,196.839,174.02,187.769,100.129,102.094,102.456,99.815002
19/Oct/2020,177.673,196.816,174.327,187.953,100.198,102.293,102.465,99.815002
20/Oct/2020,177.775,196.927,174.42,188.101,100.129,102.444,102.458,99.815002
21/Oct/2020,178.11,197.207,174.799,188.222,100.324,103.148,102.944,99.815002
22/Oct/2020,177.617,197.251,174.122,188.505,100.456,102.888,102.71,99.815002
23/Oct/2020,177.494,197.195,173.982,188.454,100.29,103.235,102.998,99.815002
26/Oct/2020,177.014,197.095,173.412,188.302,100.29,101.544,102.716,99.815002
27/Oct/2020,176.793,196.695,173.27,187.725,100.324,103.235,102.78,99.815002
28/Oct/2020,176.293,196.473,172.765,187.13,100.135,103.235,102.769,99.815002
29/Oct/2020,176.219,196.217,172.756,186.783,100.129,101.002,102.171,99.815002
30/Oct/2020,176.298,196.288,172.777,187.183,100.129,100.586,102.829,99.815002
02/Nov/2020,176.131,196.092,172.612,187.016,100.29,100.418,102.721,99.815002
03/Nov/2020,176.337,196.272,172.788,187.398,100.29,100.664,102.894,99.815002
04/Nov/2020,176.622,196.253,172.999,188.211,100.435,100.567,103.087,99.815002
05/Nov/2020,177.312,196.691,173.615,189.412,101.213,101.213,103.724,99.815002
06/Nov/2020,177.333,196.882,173.392,190.696,101.549,101.549,104.033,99.815002
09/Nov/2020,178.251,197.557,174.448,190.96,101.744,101.744,103.859,99.841003
10/Nov/2020,178.109,197.206,174.33,190.775,101.689,101.689,103.914,99.815002
11/Nov/2020,178.728,197.195,175.116,190.75,101.371,101.371,103.693,99.815002
12/Nov/2020,178.96,197.241,175.54,190.008,101.856,101.984,103.831,99.815002
13/Nov/2020,179.134,197.391,175.698,190.279,102.794,103.235,103.667,99.815002
16/Nov/2020,179.321,197.41,175.856,190.7,101.697,101.697,103.648,99.815002
17/Nov/2020,179.626,197.527,176.12,191.299,101.878,101.878,103.967,99.815002
18/Nov/2020,179.593,197.575,176.115,191.084,102.791,103.799,103.918,99.815002
19/Nov/2020,179.842,197.675,176.314,191.67,102.164,102.164,103.752,99.815002
20/Nov/2020,179.734,197.66,176.25,191.279,102.09,102.09,103.897,99.815002
23/Nov/2020,178.873,197.525,175.284,190.691,101.877,101.877,103.691,99.815002
24/Nov/2020,178.718,197.786,174.953,191.325,102.204,102.204,103.636,99.815002
25/Nov/2020,179.12,197.89,175.356,191.839,102.484,102.484,103.953,99.815002
26/Nov/2020,179.258,197.895,175.569,191.629,102.374,102.374,103.939,99.815002
27/Nov/2020,179.309,197.92,175.639,191.586,103.126,104.178,103.964,99.815002
30/Nov/2020,179.235,197.478,175.587,191.541,102.492,102.492,103.972,99.815002
01/Dec/2020,179.563,197.868,175.757,192.705,103.124,104.752,104.001,99.815002
02/Dec/2020,179.555,197.888,175.729,192.796,103.125,103.64,104.116,99.815002
03/Dec/2020,179.977,198.112,176.106,193.549,103.096,103.764,104.264,99.815002
04/Dec/2020,180.058,198.013,176.181,193.742,103.124,103.665,104.468,99.815002
07/Dec/2020,180.089,198.067,176.188,193.893,103.129,106.116,104.417,99.815002
08/Dec/2020,180.063,198.324,176.137,193.88,103.413,106.116,104.384,99.815002
09/Dec/2020,179.89,198.232,176.008,193.439,103.207,105.587,104.449,99.815002
10/Dec/2020,179.885,198.061,175.822,194.492,103.241,105.723,104.474,99.861
11/Dec/2020,179.842,197.985,175.865,193.994,103.104,104.977,104.474,99.861
14/Dec/2020,179.768,197.678,175.887,193.488,103.138,105.26,104.39,99.815002
15/Dec/2020,180.02,197.975,176.052,194.202,104.182,104.446,105.122,99.815002
16/Dec/2020,180.174,198.184,176.212,194.302,103.946,104.814,104.855,99.815002
17/Dec/2020,180.515,198.481,176.554,194.651,104.281,106.912,105.042,99.815002
18/Dec/2020,180.558,198.445,176.711,194.104,104.182,104.924,105.819,99.815002
21/Dec/2020,180.291,198.497,176.402,193.936,104.182,105.104,105.912,99.822998
22/Dec/2020,180.075,198.229,176.255,193.365,103.697,105.1,104.434,99.815002
23/Dec/2020,180.113,198.25,176.358,193.054,103.453,104.844,104.212,99.815002
24/Dec/2020,180.428,198.402,176.702,193.275,103.448,104.704,104.154,99.815002
25/Dec/2020,180.415,198.616,176.666,193.294,103.465,106.522,104.154,100
28/Dec/2020,180.67,198.361,177.07,192.951,103.471,104.997,104.376,99.815002
29/Dec/2020,180.965,198.217,177.376,193.365,103.823,105.161,104.421,99.815002
30/Dec/2020,181.165,198.409,177.567,193.618,104.1,105.416,104.653,99.815002
31/Dec/2020,181.01,198.23,177.384,193.628,104.194,105.27,104.515,99.815002
01/Jan/2021,166.981,198.374,177.363,97.07300000000001,104.073,106.925,104.515,99.815002
04/Jan/2021,167.042,191.884,178.089,96.236,103.933,107.113,104.698,99.815002
05/Jan/2021,167.18,191.707,178.223,96.529,103.976,106.85,104.651,99.815002
06/Jan/2021,167.383,191.602,178.448,96.736,104.415,105.8,104.976,99.815002
07/Jan/2021,166.931,191.119,178.181,95.29000000000001,104.366,105.391,105.041,99.815002
08/Jan/2021,166.784,191.259,177.985,95.294,104.327,105.713,105.082,99.815002
11/Jan/2021,166.299,190.746,177.535,94.623,102.551,104.529,105.022,99.815002
12/Jan/2021,166.761,191.045,177.831,96.068,103.395,105.243,104.677,99.815002
13/Jan/2021,166.876,191.189,177.971,96.032,103.501,104.675,104.291,99.815002
14/Jan/2021,167.096,191.328,178.045,97.078,103.073,104.638,103.772,99.815002
15/Jan/2021,166.626,190.918,177.644,96.21300000000001,102.781,106.116,103.788,99.815002
18/Jan/2021,166.501,190.852,177.471,96.322,102.631,103.758,103.511,99.815002
19/Jan/2021,166.593,191.234,177.637,95.886,102.855,104.462,103.466,99.815002
20/Jan/2021,166.978,191.23,177.993,96.596,103.012,104,103.53,99.815002
21/Jan/2021,167.076,191.298,178.212,96.042,103.047,104.524,103.971,100
22/Jan/2021,166.583,191.067,177.843,94.76300000000001,103.012,104.336,103.901,99.815002
25/Jan/2021,166.553,190.944,177.887,94.37,103.155,104.494,103.577,99.815002
26/Jan/2021,166.952,191.053,178.227,95.21000000000001,103.108,104.735,103.936,99.815002
27/Jan/2021,166.539,190.921,177.867,94.39100000000001,103.012,104.407,103.578,99.815002
28/Jan/2021,166.951,190.94,178.386,94.381,102.878,104.421,103.423,99.815002
29/Jan/2021,167.135,191.102,178.712,93.803,102.975,105.919,103.602,99.815002
01/Feb/2021,167.157,190.834,178.676,94.258,102.861,103.971,103.339,99.815002
02/Feb/2021,167.408,191.069,178.818,95.113,102.949,104.046,103.572,99.815002
03/Feb/2021,167.489,191.111,178.921,95.09,102.836,103.789,103.289,99.815002
04/Feb/2021,167.312,191.027,178.85,94.295,103.056,103.274,103.435,99.815002
05/Feb/2021,167.715,190.935,179.228,95.03700000000001,103.003,103.177,103.419,100
08/Feb/2021,167.809,191.136,179.331,95.036,103.127,105.138,103.547,99.815002
09/Feb/2021,167.956,191.301,179.516,94.967,103.109,103.71,103.551,99.815002
10/Feb/2021,167.834,191.34,179.333,95.121,103.109,103.857,103.861,99.815002
11/Feb/2021,168.017,191.543,179.495,95.40300000000001,103.092,103.899,103.919,99.815002
12/Feb/2021,168.027,191.655,179.483,95.494,103.056,104.168,103.705,99.815002
15/Feb/2021,168.274,191.855,179.77,95.538,103.127,104.201,103.715,99.815002
16/Feb/2021,168.06,191.562,179.585,95.203,103.234,104.296,103.663,99.815002
17/Feb/2021,168.022,191.401,179.606,94.898,103.056,103.922,103.54,99.815002
18/Feb/2021,167.837,191.447,179.411,94.66,103.072,104.15,103.459,99.815002
19/Feb/2021,168.09,191.557,179.704,94.758,103.001,105.723,103.473,100
22/Feb/2021,167.735,191.384,179.444,93.81100000000001,103.23,104.255,103.454,100
23/Feb/2021,167.002,182.135,179.145,94.268,103.117,104.495,103.343,99.815002
24/Feb/2021,166.977,182.183,179.019,94.76000000000001,103.17,104.604,103.491,99.815002
25/Feb/2021,166.183,181.497,178.365,93.158,103.271,104.659,103.857,100
26/Feb/2021,165.454,181.485,177.553,92.58200000000001,102.821,104.506,103.814,99.815002
01/Mar/2021,165.985,181.507,178.214,92.617,102.729,104.51,103.793,99.815002
02/Mar/2021,165.767,181.69,177.977,92.33800000000001,102.661,104.18,103.776,99.815002
03/Mar/2021,165.555,181.47,177.751,92.203,102.357,103.727,103.783,99.815002
04/Mar/2021,165.347,181.169,177.605,91.694,102.254,103.265,103.624,99.815002
05/Mar/2021,164.919,181.139,177.133,91.34,102.113,105.138,103.494,99.815002
08/Mar/2021,163.843,180.486,176.056,90.093,101.051,103.29,103.783,99.815002
09/Mar/2021,164.599,180.789,176.833,90.925,101.422,103.588,103.061,99.815002
10/Mar/2021,165.087,181.149,177.183,92.22200000000001,102.093,103.988,103.73,99.815002
11/Mar/2021,165.474,181.516,177.412,93.479,101.877,103.449,103.783,99.815002
12/Mar/2021,165.086,181.419,177.006,93.07300000000001,102.013,104.12,103.783,99.815002
15/Mar/2021,165.196,181.455,177.186,92.828,102.013,102.809,104.049,99.815002
16/Mar/2021,165.234,181.286,177.256,92.774,101.582,102.538,104.049,99.815002
17/Mar/2021,165.321,181.6,177.241,93.324,102.013,102.856,104.05,100
18/Mar/2021,165.741,181.182,177.787,93.407,102.093,104.369,104.049,99.815002
19/Mar/2021,166.119,181.275,178.174,93.858,101.887,102.204,104.049,99.815002
22/Mar/2021,164.634,181.084,176.355,93.652,102.219,102.68,103.783,99.815002
23/Mar/2021,164.099,180.717,175.826,93.023,101.767,101.944,103.783,99.815002
24/Mar/2021,163.909,180.589,175.743,92.21900000000001,101.361,102.131,103.783,99.815002
25/Mar/2021,163.706,180.452,175.471,92.36200000000001,101.159,101.776,103.283,100.745
26/Mar/2021,163.263,180.592,175.021,91.715,101.092,103.049,103.223,99.815002
29/Mar/2021,162.851,180.53,174.551,91.474,100.99,101.414,103.683,99.815002
30/Mar/2021,162.451,180.444,174.044,91.527,100.863,101.086,103.752,99.822998
31/Mar/2021,163.006,180.556,174.506,92.77800000000001,101.042,102.493,103.615,99.828003
01/Apr/2021,163.132,180.817,174.684,92.56400000000001,101.167,102.678,103.636,99.815002
02/Apr/2021,163.002,180.762,174.526,92.55800000000001,101.167,102.678,103.559,99.815002
05/Apr/2021,163.186,180.955,174.697,92.803,101.167,101.183,103.318,99.815002
06/Apr/2021,163.414,181.063,174.83,93.60000000000001,101.577,101.58,103.489,99.815002
07/Apr/2021,163.189,181.123,174.569,93.456,101.562,101.688,103.833,99.907997
08/Apr/2021,163.206,181.382,174.476,93.976,102.038,102.125,103.556,100
09/Apr/2021,162.983,181.327,174.356,93.117,102.342,103.988,103.715,99.869003
12/Apr/2021,162.948,181.424,174.36,92.81100000000001,102.342,103.624,103.494,99.815002
13/Apr/2021,163.042,181.559,174.436,92.98700000000001,102.488,104.472,103.789,99.905998
14/Apr/2021,163.355,181.676,174.75,93.378,102.482,104.663,103.783,99.815002
15/Apr/2021,163.501,182.014,174.802,93.955,103.148,104.56,104.145,99.822998
16/Apr/2021,163.466,181.747,174.752,94.099,103.124,104.56,103.86,99.815002
19/Apr/2021,163.5,181.774,174.734,94.422,103.132,104.219,103.728,99.815002
20/Apr/2021,163.406,181.628,174.696,94.04600000000001,102.805,104.538,103.783,99.833
21/Apr/2021,163.312,181.61,174.55,94.19800000000001,103.134,103.985,103.788,99.833
22/Apr/2021,163.14,181.469,174.252,94.709,102.809,103.841,103.739,99.815002
23/Apr/2021,162.997,181.573,174.092,94.553,102.809,105.104,104.203,99.815002
26/Apr/2021,163.321,181.667,174.474,94.66,102.49,105.017,103.783,99.815002
27/Apr/2021,163.435,181.545,174.694,94.285,102.429,104.246,103.786,99.815002
28/Apr/2021,163.674,181.659,174.797,95.322,102.707,104.441,103.783,99.815002
29/Apr/2021,163.733,181.777,174.92,95.00700000000001,102.759,105.919,103.783,99.815002
30/Apr/2021,163.421,181.37,174.735,94.04000000000001,102.584,104.272,103.785,99.815002
03/May/2021,163.53,181.235,174.889,94.005,102.172,104.624,103.737,99.815002
04/May/2021,163.351,181.098,174.693,93.901,102.429,104.282,103.741,99.815002
05/May/2021,163.462,181.185,174.747,94.336,102.563,104.21,103.789,99.815002
06/May/2021,163.809,181.406,175.004,95.232,102.495,104.079,103.771,99.815002
07/May/2021,164.341,181.826,175.527,95.855,103.158,105.249,103.965,100
10/May/2021,164.413,181.848,175.573,96.089,103.111,105.035,104.262,99.815002
11/May/2021,164.296,181.886,175.432,96.04300000000001,103.2,105.15,104.524,99.815002
12/May/2021,163.596,181.634,174.748,95.06,103.159,104.693,104.436,99.815002
13/May/2021,163.557,181.673,174.623,95.46300000000001,103.097,104.747,104.43,99.815002
14/May/2021,163.707,179.022,174.929,95.931,103.342,105.527,104.199,99.815002
17/May/2021,163.901,178.805,175.206,95.84100000000001,103.182,104.666,104.171,99.815002
18/May/2021,163.991,179.081,175.289,95.898,103.797,105.079,104.522,99.815002
19/May/2021,163.68,179,174.999,95.37,103.685,105.316,104.902,99.815002
20/May/2021,163.786,179.112,175.101,95.501,103.834,105.119,104.91,99.815002
21/May/2021,163.659,179.193,175.061,94.81100000000001,103.705,106.214,104.918,99.815002
24/May/2021,163.865,179.164,175.272,95.08800000000001,103.725,105.057,104.896,99.815002
25/May/2021,163.77,179.333,175.181,94.86,104.078,105.625,105.25,99.815002
26/May/2021,163.95,179.312,175.376,95.041,103.685,105.256,105.631,99.815002
27/May/2021,163.988,179.024,175.359,95.521,103.494,105.21,105.356,99.815002
28/May/2021,164.093,179.027,175.454,95.71900000000001,103.6,105.216,105.689,99.815002
31/May/2021,164.219,178.988,175.612,95.735,103.751,104.877,105.57,100
01/Jun/2021,164.032,178.958,175.299,96.172,103.685,104.83,105.049,99.815002
02/Jun/2021,164.044,179.308,175.148,96.938,103.685,105.032,105.101,99.853996
03/Jun/2021,163.562,179.03,174.64,96.51000000000001,103.279,104.782,105.187,99.853996
04/Jun/2021,163.83,179.321,174.844,97.118,103.637,104.741,104.664,99.853996
07/Jun/2021,163.999,179.218,175.045,97.22800000000001,103.678,104.894,104.69,99.858002
08/Jun/2021,163.955,179.276,174.94,97.47200000000001,103.36,104.821,104.69,100
09/Jun/2021,164.051,179.153,175.101,97.30800000000001,103.459,104.719,105.014,100
10/Jun/2021,164.301,179.07,175.42,97.321,103.712,104.783,105.023,99.907997
11/Jun/2021,164.199,179.023,175.447,96.48700000000001,103.251,104.526,105.118,99.822998
14/Jun/2021,164.07,178.799,175.244,96.804,102.683,105.564,104.791,99.831001
15/Jun/2021,163.768,178.698,174.887,96.71600000000001,102.765,104.224,104.903,99.956001
16/Jun/2021,163.619,178.506,174.822,96.127,102.764,103.767,104.7,99.867996
17/Jun/2021,162.825,178.146,173.822,96.27500000000001,102.472,103.389,104.566,99.821999
18/Jun/2021,162.556,177.806,173.719,95.13200000000001,101.95,105.332,104.454,99.815002
21/Jun/2021,162.489,177.743,173.489,95.952,102.313,102.802,104.321,99.815002
22/Jun/2021,162.635,177.64,173.575,96.536,102.426,102.854,104.317,100
23/Jun/2021,162.759,177.731,173.693,96.70700000000001,102.512,102.837,104.407,99.815002
24/Jun/2021,162.773,177.718,173.546,97.61,102.547,102.782,104.34,99.815002
25/Jun/2021,162.792,177.833,173.572,97.548,102.779,104.061,104.388,99.822998
28/Jun/2021,162.922,177.575,173.715,97.77500000000001,102.739,102.868,104.489,99.907997
29/Jun/2021,162.684,177.335,173.482,97.50700000000001,102.597,102.706,104.64,99.815002
30/Jun/2021,162.738,177.266,173.6,97.262,102.283,102.476,104.574,99.815002
01/Jul/2021,162.552,177.072,173.527,96.462,101.625,102.457,104.162,99.815002
02/Jul/2021,162.541,177.368,173.436,96.758,101.415,103.61,104.292,99.897003
05/Jul/2021,162.618,177.233,173.616,96.363,101.438,102.499,104.315,99.901001
06/Jul/2021,162.235,177.055,173.357,95.218,101.428,102.285,104.263,99.815002
07/Jul/2021,162.189,177.137,173.344,94.931,101.428,102.103,104.185,99.815002
08/Jul/2021,161.968,177.133,173.126,94.61200000000001,101.524,103.235,104.295,99.815002
09/Jul/2021,162.213,177.33,173.377,94.84,101.553,102.467,104.033,99.815002
12/Jul/2021,162.346,177.076,173.443,95.505,101.547,102.382,104.378,99.815002
13/Jul/2021,162.356,176.581,173.539,95.252,101.719,101.974,104.141,99.815002
14/Jul/2021,162.596,176.821,173.642,96.239,101.579,102.331,103.909,99.815002
15/Jul/2021,162.6,176.719,173.745,95.745,101.596,102.233,104.137,99.815002
16/Jul/2021,162.542,176.798,173.651,95.828,101.319,102.201,104.055,99.815002
19/Jul/2021,162.067,176.588,173.308,94.51900000000001,101.148,102.103,104.043,99.815002
20/Jul/2021,162.204,176.619,173.455,94.649,101.497,102.098,103.842,99.815002
21/Jul/2021,162.395,176.641,173.651,94.88500000000001,101.29,102.207,103.881,99.815002
22/Jul/2021,162.394,176.574,173.667,94.81400000000001,101.502,102.028,104.191,100
23/Jul/2021,162.306,176.453,173.566,94.812,101.645,102.863,104.515,99.815002
26/Jul/2021,162.324,176.309,173.568,94.98700000000001,101.529,102.246,104.187,99.815002
27/Jul/2021,162.078,176.433,173.247,94.995,101.29,102.438,104.133,99.815002
28/Jul/2021,162.34,176.413,173.468,95.602,101.376,102.464,104.007,99.815002
29/Jul/2021,162.925,176.855,174.099,95.99000000000001,101.433,103.61,103.933,99.815002
30/Jul/2021,162.717,176.797,174.043,94.896,101.404,103.338,104.092,99.815002
02/Aug/2021,162.92,176.896,174.279,94.961,101.347,102.608,104.053,99.815002
03/Aug/2021,162.788,177.073,174.134,94.764,101.404,102.546,104.065,99.815002
04/Aug/2021,162.68,176.781,174.011,94.82000000000001,101.547,102.388,104.098,99.815002
05/Aug/2021,162.509,176.539,173.91,94.298,101.664,102.412,104.145,99.815002
06/Aug/2021,162.072,176.312,173.416,94.08500000000001,101.563,101.988,104.352,99.815002
09/Aug/2021,161.919,176.08,173.26,93.98,101.563,102.001,104.151,99.815002
10/Aug/2021,162.073,175.98,173.381,94.414,101.323,101.892,104.029,99.815002
11/Aug/2021,162.15,176.066,173.456,94.502,101.231,102.007,104.233,99.815002
12/Aug/2021,162.241,175.83,173.618,94.348,100.796,101.79,103.97,99.815002
13/Aug/2021,162.353,175.974,173.711,94.54300000000001,101.287,102.708,103.968,99.815002
16/Aug/2021,162.454,175.821,173.888,94.33200000000001,101.19,102.057,104.026,99.815002
17/Aug/2021,162.308,175.622,173.81,93.842,101.114,101.723,103.897,99.815002
18/Aug/2021,162.211,175.462,173.798,93.30200000000001,101.175,102.543,103.679,99.815002
19/Aug/2021,161.92,175.305,173.52,92.889,100.99,104.777,103.465,99.815002
20/Aug/2021,161.887,175.268,173.487,92.858,101.863,104.151,103.343,99.815002
23/Aug/2021,162.252,175.478,173.918,92.926,101.863,102.332,103.441,99.815002
24/Aug/2021,162.546,175.573,174.087,93.98999999999999,101.053,106.179,103.813,99.815002
25/Aug/2021,162.622,175.643,174.136,94.209,101.198,106.004,103.846,99.815002
26/Aug/2021,162.461,175.656,174.015,93.76000000000001,101.194,105.948,103.743,99.815002
27/Aug/2021,162.852,176.009,174.361,94.414,101.119,102.985,103.725,99.815002
30/Aug/2021,162.945,176.099,174.432,94.63,101.556,107.018,103.97,99.815002
31/Aug/2021,163.285,176.269,174.757,95.119,101.611,105.053,104.092,99.815002
01/Sep/2021,163.306,176.372,174.798,94.993,101.314,104.567,104.23,99.815002
02/Sep/2021,163.368,176.421,174.869,95.012,101.465,106.907,104.29,99.815002
03/Sep/2021,163.318,176.567,174.796,95.005,101.581,106.968,104.365,99.815002
06/Sep/2021,163.372,176.501,174.851,95.108,101.556,107.018,104.546,99.815002
07/Sep/2021,163.072,176.431,174.492,95.03100000000001,101.425,106.859,104.29,99.815002
08/Sep/2021,162.64,176.489,174.15,93.902,101.396,106.968,103.665,99.815002
09/Sep/2021,162.915,176.535,174.354,94.66,101.472,106.682,104.279,99.815002
10/Sep/2021,162.916,176.533,174.397,94.435,101.308,105.909,104.279,99.815002
13/Sep/2021,162.947,176.661,174.375,94.715,101.248,106.777,104.226,99.815002
14/Sep/2021,162.943,176.379,174.433,94.489,101.235,103.966,104.117,99.815002
15/Sep/2021,163.069,176.219,174.556,94.748,101.026,106.317,103.992,99.815002
16/Sep/2021,162.605,176.073,174.047,94.40300000000001,100.951,106.561,104.021,99.815002
17/Sep/2021,162.245,175.918,173.673,94.033,100.98,106.223,104.065,99.815002
20/Sep/2021,162.081,175.607,173.576,93.566,100.589,105.006,103.888,99.815002
21/Sep/2021,162.195,175.629,173.646,93.958,100.678,102.244,103.799,99.815002
22/Sep/2021,162.137,175.576,173.588,93.89400000000001,100.324,103.51,103.787,99.815002
23/Sep/2021,161.967,175.758,173.363,93.876,100.516,102.611,103.807,99.815002
24/Sep/2021,161.637,175.688,173.003,93.605,100.408,102.574,103.942,99.815002
27/Sep/2021,161.727,175.561,173.214,93.124,100.263,102.466,103.819,99.815002
28/Sep/2021,161.437,175.537,172.956,92.545,100.212,102.4,103.635,99.815002
29/Sep/2021,161.196,175.351,172.704,92.348,100.29,104.888,103.322,99.815002
30/Sep/2021,161.399,175.264,173.022,92.03700000000001,100.129,104.657,103.476,99.815002
01/Oct/2021,161.605,175.437,173.113,92.887,100.129,104.945,103.525,99.815002
04/Oct/2021,161.456,175.488,173.042,92.23100000000001,101.364,101.61,103.689,100
05/Oct/2021,161.374,175.39,172.996,91.96000000000001,101.219,101.581,102.21,99.815002
06/Oct/2021,161.309,175.369,172.935,91.85000000000001,101.22,103.572,103.62,99.815002
07/Oct/2021,161.285,175.177,172.964,91.60600000000001,100.129,105.587,103.706,99.815002
08/Oct/2021,161.08,175.253,172.712,91.545,100.101,101.738,103.744,99.815002
11/Oct/2021,160.885,175.033,172.544,91.211,100.129,101.734,103.689,99.815002
12/Oct/2021,160.86,175.109,172.463,91.44800000000001,100.232,100.891,103.787,99.815002
13/Oct/2021,161.059,175.314,172.61,91.932,100.145,101.204,103.795,99.815002
14/Oct/2021,160.867,175.145,172.397,91.843,100.1,103.069,103.84,99.815002
15/Oct/2021,160.864,175.412,172.263,92.44200000000001,100.129,102.95,103.854,99.815002
18/Oct/2021,160.682,175.31,172.114,92.05,100.129,101.222,103.901,99.815002
19/Oct/2021,161.122,175.555,172.677,91.89700000000001,100.103,101.628,104.13,99.815002
20/Oct/2021,161.218,175.884,172.783,91.837,100.1,102.235,104.32,99.815002
21/Oct/2021,160.485,173.364,172.154,91.288,100.1,101.651,104.424,99.815002
22/Oct/2021,160.442,173.272,172.064,91.51900000000001,101.337,102.228,104.334,99.815002
25/Oct/2021,160.531,173.277,172.063,92.13800000000001,100.29,101.808,104.33,99.815002
26/Oct/2021,160.592,173.124,172.174,92.018,100.103,101.29,104.369,99.815002
27/Oct/2021,160.565,172.751,172.157,92.083,100.203,101.29,104.558,99.815002
28/Oct/2021,160.464,172.813,172.166,91.304,100.1,102.226,104.576,99.815002
29/Oct/2021,160.196,172.595,171.883,91.096,100.1,101.778,104.362,99.815002
01/Nov/2021,160.236,172.3,172.069,90.482,100.129,102.002,104.39,99.815002
02/Nov/2021,160.147,172.204,171.968,90.46000000000001,100.324,102.445,104.259,99.815002
03/Nov/2021,160.207,172.334,171.851,91.461,100.129,101.859,104.228,99.815002
04/Nov/2021,160.106,172.386,171.791,91.071,100.129,103.195,104.182,99.815002
05/Nov/2021,160.291,172.619,171.889,91.709,100.129,101.814,104.182,99.815002
08/Nov/2021,160.454,172.786,172.069,91.777,100.68,102.42,104.02,99.815002
09/Nov/2021,160.407,172.696,171.925,92.285,100.701,103.287,104.215,99.815002
10/Nov/2021,160.113,172.125,171.694,91.764,101.22,102.007,103.964,99.815002
11/Nov/2021,160.086,172.103,171.556,92.33800000000001,100.129,102.007,103.777,99.815002
12/Nov/2021,160.016,172.123,171.518,92.05500000000001,100.129,101.989,103.788,99.815002
15/Nov/2021,159.857,172.023,171.337,91.993,100.129,102.692,103.925,99.815002
16/Nov/2021,159.266,171.485,170.738,91.42400000000001,100.103,101.863,103.729,99.815002
17/Nov/2021,159,171.362,170.452,91.20400000000001,100.04,101.438,103.651,99.815002
18/Nov/2021,158.449,171.289,169.838,90.79900000000001,100.059,101.554,103.765,99.815002
19/Nov/2021,158.052,170.972,169.421,90.474,100.1,101.319,103.777,99.815002
22/Nov/2021,157.854,170.714,169.182,90.52800000000001,100.129,100.559,103.477,99.815002
23/Nov/2021,156.397,170.865,167.369,90.342,100.103,100.656,103.448,99.815002
24/Nov/2021,156.936,170.792,168.152,89.803,100.1,100.324,103.24,99.815002
25/Nov/2021,157.086,170.686,168.348,89.81400000000001,100,100,103.196,99.815002
26/Nov/2021,156.359,170.518,167.585,89.048,100,99.813004,103.167,99.815002
29/Nov/2021,156.084,170.618,167.199,89.21900000000001,100,100,103.031,99.815002
30/Nov/2021,155.796,170.941,166.756,89.52800000000001,100.081,100.324,103.071,99.815002
01/Dec/2021,155.873,170.924,166.952,88.994,100,100,102.999,99.815002
02/Dec/2021,155.547,171.055,166.416,89.626,100.016,100.028,102.982,99.815002
03/Dec/2021,155.44,170.738,166.332,89.479,100,99.813004,103.113,99.815002
06/Dec/2021,155.323,170.937,166.195,89.336,100.059,100.295,102.579,99.815002
07/Dec/2021,155.766,171.03,166.608,90.09100000000001,100.082,100.564,102.827,99.815002
08/Dec/2021,155.935,171.231,166.689,90.729,100.082,101.467,103.162,99.815002
09/Dec/2021,155.488,171.015,166.206,90.381,100.008,100.028,103.013,99.815002
10/Dec/2021,155.434,171.024,166.156,90.282,100,100,103.051,99.815002
13/Dec/2021,155.421,170.892,166.247,89.744,100,99.813004,102.956,99.815002
14/Dec/2021,154.889,170.717,165.674,89.286,100,99.813004,102.857,99.815002
15/Dec/2021,154.616,170.834,165.283,89.501,100,100,103.008,99.815002
16/Dec/2021,154.148,170.874,164.652,89.705,100.01,100,103.06,99.815002
17/Dec/2021,153.701,170.847,164.09,89.715,100.129,100.351,102.843,99.815002
20/Dec/2021,155.524,171.059,166.448,89.292,100.059,101.065,102.824,99.815002
21/Dec/2021,156.459,170.919,167.647,89.229,100.082,100.552,102.964,99.815002
22/Dec/2021,157.007,170.921,168.201,89.96900000000001,100.082,101.51,103.2,99.815002
23/Dec/2021,157.75,171.136,169.123,89.96000000000001,100.059,101.697,103.322,99.815002
24/Dec/2021,158.667,171.067,170.279,89.979,100.082,102.413,103.288,99.815002
27/Dec/2021,157.512,171.118,168.77,90.255,100.059,101.69,103.317,99.815002
28/Dec/2021,157.428,170.857,168.677,90.3,100.1,101.101,103.218,99.815002
29/Dec/2021,156.582,170.607,167.701,89.91,100.005,100,103.322,99.815002
30/Dec/2021,156.274,170.658,167.157,90.744,100.059,100.097,103.363,99.815002
31/Dec/2021,156.268,170.546,167.165,90.708,100.011,100,103.324,99.815002
03/Jan/2022,156.316,170.594,167.341,90.054,100.059,100.362,103.086,99.815002
04/Jan/2022,155.942,170.391,166.876,90.102,100.003,100,103.229,99.815002
05/Jan/2022,155.811,170.568,166.724,89.96000000000001,100.1,100.202,103.162,99.815002
06/Jan/2022,155.521,170.679,166.307,90.19500000000001,100.059,101.229,102.943,99.815002
07/Jan/2022,155.667,170.881,166.383,90.70700000000001,100.028,101.602,102.93,99.815002
10/Jan/2022,155.745,170.754,166.531,90.483,100.059,101.619,103.02,99.815002
11/Jan/2022,155.947,171.002,166.632,91.221,100.059,101.999,103.159,99.815002
12/Jan/2022,156.6,171.419,167.362,91.548,100.059,102.152,103.368,99.815002
13/Jan/2022,156.287,171.374,166.955,91.63800000000001,100.103,103.349,103.492,99.815002
14/Jan/2022,156.345,171.249,167.044,91.605,100.059,102.152,103.504,99.815002
17/Jan/2022,156.432,171.173,167.14,91.714,100.1,103.564,103.208,99.815002
18/Jan/2022,156.189,170.967,166.933,91.256,100.129,102.167,103.056,99.815002
19/Jan/2022,156.491,171.209,167.153,92.026,100.103,102.166,103.219,99.815002
20/Jan/2022,156.605,171.288,167.257,92.21300000000001,100.1,104.219,103.185,99.815002
21/Jan/2022,156.569,171.544,167.206,92.14100000000001,100.059,104.181,103.176,99.815002
24/Jan/2022,156.49,171.255,167.213,91.676,100.1,102.822,102.85,99.815002
25/Jan/2022,156.538,171.214,167.219,91.989,100.1,102.152,102.881,99.815002
26/Jan/2022,156.451,171.014,167.135,91.93900000000001,100.1,102.152,102.694,99.815002
27/Jan/2022,155.951,170.587,166.523,92.018,100.059,102.297,102.353,99.815002
28/Jan/2022,156.109,170.379,166.712,92.161,100.1,102.201,102.352,99.815002
31/Jan/2022,156.508,170.698,167.056,92.892,100.103,102.72,101.779,99.815002
01/Feb/2022,156.519,171.054,166.978,93.246,100.059,103.07,102.019,99.815002
02/Feb/2022,156.42,170.713,166.889,93.191,100,103.044,102.479,99.815002
03/Feb/2022,156.367,170.988,166.838,92.988,100.059,102.882,102.567,99.815002
04/Feb/2022,156.268,170.525,166.839,92.492,100.028,102.861,102.647,99.815002
07/Feb/2022,156.323,170.746,166.793,93.036,100.028,102.056,102.585,99.815002
08/Feb/2022,156.32,170.741,166.782,93.072,100.103,102.501,102.477,99.815002
09/Feb/2022,156.457,170.844,166.86,93.55200000000001,100.1,102.152,102.725,99.815002
10/Feb/2022,156.5,170.918,166.914,93.524,100.028,100.78,102.869,99.815002
11/Feb/2022,156.422,170.923,166.822,93.486,100.059,102.297,102.915,99.815002
14/Feb/2022,156.322,170.734,166.654,93.79600000000001,100.078,102.449,102.451,99.815002
15/Feb/2022,156.628,170.784,166.941,94.31100000000001,100.052,104.173,102.425,99.815002
16/Feb/2022,156.756,171.044,167.016,94.675,100,102.458,102.746,99.815002
17/Feb/2022,156.712,171.014,166.996,94.48999999999999,100.028,102.589,102.937,99.815002
18/Feb/2022,156.834,170.945,167.118,94.697,100.059,102.735,102.93,99.815002
21/Feb/2022,156.775,170.786,167.017,94.90600000000001,100.129,105.226,102.908,99.815002
22/Feb/2022,156.79,170.811,166.948,95.377,100.103,102.472,103.098,99.815002
23/Feb/2022,156.945,170.899,167.045,95.876,100.1,102.443,103.131,99.815002
24/Feb/2022,156.174,170.414,166.394,94.327,100.028,102.007,102.852,99.815002
25/Feb/2022,156.562,170.687,166.833,94.485,100.011,101.518,102.793,99.815002
28/Feb/2022,156.446,170.317,166.74,94.352,100.059,101.679,102.313,99.815002
01/Mar/2022,156.288,170.062,166.596,94.15300000000001,100.1,102.007,102.365,99.815002
02/Mar/2022,156.249,170.227,166.424,94.759,100.059,101.188,101.838,99.865997
03/Mar/2022,156.208,170.13,166.257,95.432,100.059,101.091,101.836,99.815002
04/Mar/2022,155.934,170.031,166.075,94.581,100.019,100.512,101.8,99.815002
07/Mar/2022,155.556,169.762,165.758,93.82900000000001,100.011,100.324,101.737,99.815002
08/Mar/2022,155.492,169.673,165.617,94.196,100,100.324,100.344,99.815002
09/Mar/2022,155.675,170.172,165.623,95.212,100,100.324,100.369,99.815002
10/Mar/2022,155.492,170.425,165.396,95.08200000000001,100,100.028,100.483,99.815002
11/Mar/2022,155.27,170.356,165.206,94.629,100.01,100.028,100.566,99.815002
14/Mar/2022,154.991,170.206,164.931,94.271,100,100.324,100.424,99.815002
15/Mar/2022,154.975,170.404,164.94,94.029,100,100.324,100.346,99.815002
16/Mar/2022,155.368,170.578,165.249,94.96900000000001,100,100.442,100.319,99.815002
17/Mar/2022,155.482,170.69,165.311,95.373,100.011,100.583,100.383,99.815002
18/Mar/2022,155.273,170.59,165.007,95.636,100.011,100.442,100.352,99.815002
21/Mar/2022,155.05,165.545,164.976,96.381,100.011,100.527,100.444,99.815002
22/Mar/2022,154.995,164.976,164.876,96.78700000000001,100,100.324,100.344,99.815002
23/Mar/2022,155.014,165.407,164.736,97.499,100,100.324,100.293,99.815002
24/Mar/2022,155.176,165.866,164.862,97.73700000000001,100,100.028,100.679,99.815002
25/Mar/2022,155.293,165.686,164.875,98.54300000000001,100.028,100.163,100.794,99.815002
28/Mar/2022,155.234,165.399,164.873,98.26900000000001,100,100.324,101.899,99.817001
29/Mar/2022,155.623,165.788,165.275,98.589,100.059,100.324,102.612,99.815002
30/Mar/2022,155.722,166.215,165.372,98.562,100.1,100.324,104.305,99.815002
31/Mar/2022,155.77,166.008,165.394,98.86500000000001,100.129,100.442,104.802,99.815002
01/Apr/2022,155.656,165.852,165.115,99.66800000000001,100.028,100.879,104.762,99.817001
04/Apr/2022,155.898,166.085,165.258,100.455,100.129,101.29,104.368,99.827003
05/Apr/2022,155.697,165.971,165.197,99.45400000000001,100.129,101.576,103.014,99.934998
06/Apr/2022,155.489,165.568,165.128,98.559,100.059,101.433,100.827,99.824997
07/Apr/2022,155.381,165.459,165.069,98.18600000000001,100.005,101.576,100.309,99.843002
08/Apr/2022,155.474,165.606,165.069,98.76900000000001,100.016,101.576,100.155,99.815002
11/Apr/2022,155.516,165.662,165.092,98.908,100.1,101.987,100.865,99.888
12/Apr/2022,155.634,165.755,165.156,99.333,100.059,102.313,101.07,99.815002
13/Apr/2022,155.625,166.085,165.134,99.251,100.1,102.297,101.926,99.907997
14/Apr/2022,155.441,165.982,164.988,98.82600000000001,100.059,102.313,102.2,100
15/Apr/2022,155.49,166.069,165.02,98.94800000000001,100.059,102.297,102.191,99.907997
18/Apr/2022,155.583,165.833,165.069,99.42100000000001,100.129,102.343,101.574,100
19/Apr/2022,155.223,165.516,164.713,99.024,100.047,102.297,101.817,99.853996
20/Apr/2022,155.099,165.355,164.484,99.485,100.059,101.863,101.968,99.815002
21/Apr/2022,154.746,164.944,164.14,99.108,100.072,102.007,101.878,99.824997
22/Apr/2022,154.018,164.698,163.565,97.34100000000001,100.019,101.882,101.746,99.824997
25/Apr/2022,153.351,164.547,162.9,96.449,100.013,101.626,101.214,99.815002
26/Apr/2022,153.157,164.278,162.911,95.16500000000001,100.1,100.529,101.02,99.815002
27/Apr/2022,153.162,164.133,162.873,95.47200000000001,100.003,100.165,100.939,99.822998
28/Apr/2022,152.638,163.745,162.252,95.41500000000001,100.003,100,100.771,99.815002
29/Apr/2022,152.741,164.07,162.379,95.3,100.033,100.784,100.907,99.815002
02/May/2022,152.56,163.769,162.366,94.25,100.011,100.324,100.609,99.815002
03/May/2022,152.819,164.217,162.438,95.452,100.059,101.024,100.704,99.815002
04/May/2022,153.033,164.498,162.566,96.11,100.033,101.29,101.133,99.815002
05/May/2022,152.369,163.889,162.003,94.872,100,100,100.774,100
06/May/2022,152.102,163.782,161.712,94.664,100.019,100.028,100.767,99.82
09/May/2022,151.278,163.644,160.878,93.607,100,100,100.28,99.815002
10/May/2022,151.229,163.729,160.758,93.889,100,100,100.159,99.815002
11/May/2022,151.266,163.896,160.778,93.96900000000001,100,100.163,100.331,100
12/May/2022,150.744,163.7,160.12,94.053,100,99.813004,100.252,99.822998
13/May/2022,150.76,163.579,160.017,94.777,100,99.747002,100.094,99.815002
16/May/2022,150.699,163.451,159.911,94.991,100,99.265999,100.132,99.815002
17/May/2022,151.044,163.775,160.115,96.114,100,100.166,100.132,99.860001
18/May/2022,150.758,163.646,159.844,95.682,100,99.796997,100.366,99.815002
19/May/2022,151.246,163.924,160.325,96.29600000000001,100.019,100.492,100.294,99.815002
20/May/2022,151.411,163.975,160.41,96.946,100.011,100.52,100.241,99.822998
23/May/2022,151.844,163.85,160.864,97.499,100,101.126,100.646,99.834
24/May/2022,151.755,163.798,160.752,97.51600000000001,100.011,101.788,100.646,99.858002
25/May/2022,151.309,163.628,160.202,97.52200000000001,100.011,100.629,100.646,99.858002
26/May/2022,151.06,163.577,159.769,98.196,100,100.028,100.646,99.836998
27/May/2022,151.508,163.511,160.239,98.739,100,102.199,100.646,99.875
30/May/2022,151.727,163.599,160.502,98.77800000000001,100,102.87,100.909,99.843002
31/May/2022,151.61,163.482,160.347,98.86500000000001,100.011,101.903,101.16,99.815002
01/Jun/2022,151.391,163.409,160.229,98.033,100.008,100.324,101.107,99.815002
02/Jun/2022,151.654,163.511,160.453,98.581,100.003,101.47,101.092,99.815002
03/Jun/2022,151.666,163.421,160.449,98.71900000000001,100.003,100.028,101.092,100
06/Jun/2022,151.487,163.396,160.285,98.389,100,100.324,101.179,99.815002
07/Jun/2022,151.184,163.344,160.025,97.749,100.013,103.539,101.079,99.815002
08/Jun/2022,150.845,163.379,159.638,97.51600000000001,100,100.324,100.624,99.815002
09/Jun/2022,150.631,162.844,159.467,97.208,100.01,100.028,100.376,99.815002
10/Jun/2022,150.273,162.36,159.292,95.896,100,100.028,100.276,99.815002
13/Jun/2022,149.507,161.51,158.71,94.157,100,99.813004,100.166,99.815002
14/Jun/2022,149.556,161.49,158.811,93.953,100,99.813004,100.094,99.815002
15/Jun/2022,149.91,161.643,159.038,95.084,100.013,100.925,100.213,99.815002
16/Jun/2022,149.901,161.449,159.088,94.82900000000001,100,100,100.514,99.815002
17/Jun/2022,149.668,161.565,158.919,94.10300000000001,100,100,100.405,99.815002
20/Jun/2022,149.783,161.484,159.109,93.886,100,100,100.3,99.815002
21/Jun/2022,149.847,161.672,159.082,94.399,100,100.054,100.39,99.815002
22/Jun/2022,149.662,161.76,158.93,93.92100000000001,100,100.14,100.296,99.815002
23/Jun/2022,149.591,161.592,158.952,93.383,100,99.872002,100.103,99.815002
24/Jun/2022,149.861,161.795,159.269,93.423,100,100.847,100.197,99.815002
27/Jun/2022,150.024,161.748,159.483,93.39400000000001,100,100.458,100.156,99.815002
28/Jun/2022,149.701,161.474,159.164,93.026,100,100,100.094,99.815002
29/Jun/2022,149.808,161.115,159.242,93.485,99.999001,99.813004,100.094,99.815002
30/Jun/2022,149.687,161.065,159.188,92.974,99.999001,100,100.035,99.815002
01/Jul/2022,149.48,160.932,159.105,92.06,100,100,100.035,99.815002
04/Jul/2022,149.453,160.924,159.062,92.10600000000001,100,100,100.094,99.815002
05/Jul/2022,148.969,160.527,158.662,91.126,99.917,99.813004,100.035,99.815002
06/Jul/2022,148.812,159.979,158.632,90.44500000000001,100,100,100.094,99.815002
07/Jul/2022,148.914,159.873,158.623,91.242,100,100,100.094,99.815002
08/Jul/2022,149.012,159.665,158.678,91.702,99.999001,100,100.036,99.815002
11/Jul/2022,148.53,159.343,158.373,90.182,100,100,100.094,99.815002
12/Jul/2022,148.399,159.495,158.328,89.465,100,100,100.094,99.815002
13/Jul/2022,148.425,159.371,158.248,90.13200000000001,100,99.813004,100.094,99.815002
14/Jul/2022,148.022,159.008,157.846,89.702,99.917,99.813004,100.007,99.815002
15/Jul/2022,148.185,159.051,157.87,90.676,99.929001,99.813004,100.009,99.815002
18/Jul/2022,148.2,158.922,157.878,90.79000000000001,100,100,100.089,100
19/Jul/2022,148.213,159.303,157.832,90.97800000000001,100,99.813004,100.094,99.815002
20/Jul/2022,147.987,159.027,157.65,90.52500000000001,99.999001,99.813004,100.094,99.815002
21/Jul/2022,147.8,159.181,157.473,90.14400000000001,99.815002,99.813004,100.039,99.815002
22/Jul/2022,147.901,159.273,157.608,90.062,99.999001,99.813004,100.094,99.815002
25/Jul/2022,148.045,159.126,157.609,91.11,100,99.813004,100.094,99.815002
26/Jul/2022,147.92,158.986,157.432,91.276,100,100,100.132,99.815002
27/Jul/2022,148.057,159.079,157.437,92.154,100,100,100.047,99.815002
28/Jul/2022,148.266,159.271,157.563,92.821,100,100,100.126,99.815002
29/Jul/2022,148.385,159.186,157.695,92.953,100,100,100.159,99.815002
01/Aug/2022,148.277,159.251,157.551,92.973,100,99.789001,100.222,99.815002
02/Aug/2022,148.184,158.674,157.731,91.59,100,99.789001,100.213,99.815002
03/Aug/2022,148.152,158.644,157.619,91.995,100,100,100.094,99.815002
04/Aug/2022,148.354,158.632,157.742,92.712,100,99.789001,100.148,99.815002
05/Aug/2022,148.254,158.358,157.626,92.776,100,100,100.094,99.815002
08/Aug/2022,148.388,158.431,157.663,93.46900000000001,100,100,100.091,99.815002
09/Aug/2022,148.382,158.479,157.672,93.35900000000001,100,100,100.094,99.815002
10/Aug/2022,148.795,158.838,158.031,94.093,100,100,100.186,99.815002
11/Aug/2022,148.582,158.805,157.81,93.842,100,100,100.226,99.815002
12/Aug/2022,148.731,158.771,157.838,94.727,100,100.028,100.094,99.815002
15/Aug/2022,148.457,158.293,157.559,94.569,100,100.324,100.251,99.815002
16/Aug/2022,148.325,158.248,157.503,93.989,100,100.324,100.132,99.815002
17/Aug/2022,148.243,157.664,157.524,93.548,100,100.324,100.04,99.815002
18/Aug/2022,148.003,157.393,157.324,93.11,100,100,100.094,99.815002
19/Aug/2022,147.687,157.203,156.967,92.959,100,100.028,100.07,99.815002
22/Aug/2022,147.46,156.814,156.688,93.086,99.999001,100,100.036,99.815002
23/Aug/2022,147.683,156.754,156.824,93.901,100,100,100.036,99.815002
24/Aug/2022,147.488,156.717,156.585,93.88200000000001,99.999001,100,100.009,99.815002
25/Aug/2022,147.603,156.852,156.693,94.026,100,99.789001,100.039,99.815002
26/Aug/2022,147.425,156.717,156.429,94.306,99.999001,100,100.009,99.815002
29/Aug/2022,147.182,156.655,156.062,94.657,99.999001,99.781998,100,99.815002
30/Aug/2022,147.074,156.538,156.11,93.70100000000001,99.999001,100,100,99.815002
31/Aug/2022,147.154,156.459,156.308,93.205,99.955002,100,100.006,99.815002
01/Sep/2022,146.9,156.225,156.112,92.629,99.999001,100,100,99.815002
02/Sep/2022,147.057,156.183,156.151,93.51000000000001,99.858002,100,100,99.815002
05/Sep/2022,146.79,156.183,155.808,93.542,99.999001,100,100,99.815002
06/Sep/2022,146.472,155.642,155.62,92.614,99.882004,99.781998,100,99.815002
07/Sep/2022,146.476,155.795,155.545,92.986,99.815002,99.781998,100,99.815002
08/Sep/2022,146.543,155.409,155.612,93.245,99.815002,100,100,99.815002
09/Sep/2022,146.843,155.614,155.88,93.754,99.823997,100,100,99.815002
12/Sep/2022,146.979,155.885,155.936,94.27500000000001,100,100,100.011,99.815002
13/Sep/2022,146.597,155.432,155.706,93.086,99.829002,99.781998,100.011,99.815002
14/Sep/2022,146.392,155.367,155.388,93.441,99.820999,100,100,99.815002
15/Sep/2022,145.95,155.068,155.005,92.618,99.815002,99.781998,100,99.815002
16/Sep/2022,146.033,154.927,155.123,92.607,99.815002,100,100,99.815002
19/Sep/2022,145.933,154.886,154.859,93.38,99.815002,99.901001,100,99.815002
20/Sep/2022,145.84,154.844,154.75,93.348,99.815002,100,100,99.815002
21/Sep/2022,145.54,154.576,154.436,93.114,99.815002,99.781998,100,99.815002
22/Sep/2022,145.247,154.504,153.977,93.63500000000001,99.815002,99.966003,99.999001,99.815002
23/Sep/2022,144.585,154.051,153.466,92.063,99.815002,99.250999,100,99.815002
26/Sep/2022,144.212,153.556,153.294,90.64100000000001,99.815002,99.192001,100,99.815002
27/Sep/2022,143.977,153.512,152.986,90.72500000000001,99.815002,99.781998,99.999001,99.815002
28/Sep/2022,143.914,153.523,152.802,91.294,99.815002,99.781998,99.971001,99.815002
29/Sep/2022,144.351,153.458,153.411,90.997,99.815002,99.781998,99.952003,99.815002
30/Sep/2022,144.368,153.305,153.489,90.755,99.815002,99.781998,99.999001,99.815002
03/Oct/2022,144.649,153.678,153.433,92.83800000000001,99.856003,100,100,99.815002
04/Oct/2022,144.711,153.883,153.463,93.011,99.815002,99.781998,99.999001,99.815002
05/Oct/2022,144.666,153.748,153.503,92.542,99.815002,99.440002,99.999001,99.815002
06/Oct/2022,144.519,153.403,153.407,92.203,99.815002,99.177002,100,99.815002
07/Oct/2022,144.419,153.278,153.235,92.505,99.815002,99.781998,99.999001,99.815002
10/Oct/2022,144.247,152.726,153.031,92.663,99.815002,99.766998,100,99.815002
11/Oct/2022,144.032,152.573,152.927,91.815,99.815002,99.302002,99.999001,99.815002
12/Oct/2022,143.992,152.378,152.882,91.867,99.815002,98.585999,99.999001,99.815002
13/Oct/2022,144.05,152.461,152.888,92.20700000000001,99.815002,98.613998,100,99.815002
14/Oct/2022,143.725,152.012,152.663,91.383,99.815002,98.377998,100,99.815002
17/Oct/2022,143.748,152.248,152.621,91.67100000000001,99.815002,98.471001,100,99.815002
18/Oct/2022,143.708,152.243,152.532,91.88200000000001,99.815002,98.120003,100,99.815002
19/Oct/2022,143.331,151.736,152.173,91.462,99.815002,98.292,100,99.815002
20/Oct/2022,143.516,151.757,152.339,91.822,99.815002,98.348999,100,99.815002
21/Oct/2022,143.455,151.953,152.15,92.35600000000001,99.815002,98.494003,100,99.815002
24/Oct/2022,143.113,151.516,151.961,91.211,100,97.596001,100,100
25/Oct/2022,143.089,151.657,151.902,91.313,99.815002,98.239998,100,99.815002
26/Oct/2022,143.797,151.69,152.85,90.988,99.815002,98.308998,100,99.815002
27/Oct/2022,143.185,146.827,152.358,91.499,99.815002,99.244003,100,99.815002
28/Oct/2022,143.093,146.529,152.202,91.848,99.815002,98.517998,100,99.815002
31/Oct/2022,142.723,145.243,151.706,92.551,99.815002,97.860001,100,99.815002
01/Nov/2022,142.941,145.218,151.942,92.771,99.815002,98.123001,100,99.815002
02/Nov/2022,142.844,145.293,151.784,92.93000000000001,99.815002,98.387001,100,99.815002
03/Nov/2022,142.719,144.806,151.639,93.069,99.815002,98.032997,100,99.815002
04/Nov/2022,143.686,145.092,152.707,93.77200000000001,99.815002,99.044998,99.985001,99.815002
07/Nov/2022,143.431,145.314,152.477,93.176,99.815002,98.052002,99.985001,99.815002
08/Nov/2022,143.402,145.333,152.396,93.414,99.815002,98.008003,99.989998,99.815002
09/Nov/2022,143.347,145.3,152.382,93.128,99.815002,99.507004,99.999001,99.815002
10/Nov/2022,143.838,145.514,153.068,92.67,99.815002,97.950996,99.999001,99.815002
11/Nov/2022,144.403,145.917,153.768,92.56,99.815002,99.781998,99.999001,99.815002
14/Nov/2022,144.555,145.716,153.943,92.733,99.815002,99.781998,100,99.815002
15/Nov/2022,144.733,145.766,154.17,92.699,99.815002,99.781998,100,99.815002
16/Nov/2022,144.27,145.731,153.713,92.02500000000001,100,97.482002,100,100
17/Nov/2022,143.773,145.503,153.168,91.68000000000001,99.815002,99.735001,99.999001,99.815002
18/Nov/2022,143.963,145.471,153.394,91.76600000000001,99.815002,97.046997,100,99.815002
21/Nov/2022,143.658,145.138,152.977,92.084,99.815002,99.781998,99.999001,99.815002
22/Nov/2022,143.85,145.282,153.2,92.125,99.815002,99.781998,99.985001,99.815002
23/Nov/2022,143.793,145.507,153.084,92.27,99.815002,99.781998,99.999001,99.815002
24/Nov/2022,143.917,145.477,153.197,92.51600000000001,99.815002,99.781998,100,99.815002
25/Nov/2022,143.756,145.454,153.095,91.979,99.815002,99.781998,100,99.815002
28/Nov/2022,143.49,145.312,152.691,92.414,99.815002,96.478996,100,99.815002
29/Nov/2022,143.962,145.412,153.124,93.255,99.815002,99.781998,100,99.815002
30/Nov/2022,144.531,145.354,153.74,93.83200000000001,99.815002,96.503998,100,99.815002
01/Dec/2022,144.935,144.766,154.233,94.164,99.859001,99.781998,100,99.815002
02/Dec/2022,145.028,144.909,154.457,93.51900000000001,99.815002,97.274002,100,99.815002
05/Dec/2022,145.184,145.448,154.81,92.438,99.815002,97.057999,100.005,99.815002
06/Dec/2022,144.912,145.509,154.388,92.849,99.815002,97.452003,100,99.815002
07/Dec/2022,145.177,145.703,154.634,93.244,99.964996,99.781998,100,99.815002
08/Dec/2022,145.215,145.715,154.691,93.19200000000001,99.945999,99.781998,100,99.815002
09/Dec/2022,145.229,145.551,154.768,92.932,99.882004,97.584,100.071,99.815002
12/Dec/2022,144.911,145.139,154.535,92.191,99.964996,99.781998,100.005,99.815002
13/Dec/2022,145.346,145.764,154.882,93.024,99.999001,99.781998,100.07,99.815002
14/Dec/2022,145.324,146.418,154.832,92.876,100,100,100.019,99.815002
15/Dec/2022,145.017,146.611,154.521,92.379,99.964996,100,100.071,99.815002
16/Dec/2022,145.03,146.531,154.559,92.295,99.964996,100,100.007,99.815002
19/Dec/2022,145.001,146.763,154.481,92.423,99.856003,100,100.009,99.815002
20/Dec/2022,145.269,146.836,154.68,93.154,99.918999,99.781998,100.009,99.815002
21/Dec/2022,145.101,146.66,154.437,93.40000000000001,100,100,100.007,99.815002
22/Dec/2022,145.135,146.65,154.412,93.773,100,99.781998,100.007,99.815002
23/Dec/2022,145.161,146.562,154.408,94.011,99.815002,99.781998,100.002,99.815002
26/Dec/2022,145.432,146.645,154.819,93.60000000000001,99.815002,100,100,99.815002
27/Dec/2022,145.169,146.086,154.639,93.008,99.856003,100,100.001,99.815002
28/Dec/2022,145.176,146.551,154.572,93.22,99.964996,100,100,99.815002
29/Dec/2022,145.3,146.451,154.773,93.02,99.815002,99.781998,100.001,99.815002
30/Dec/2022,145.767,146.575,155.355,93.004,99.964996,100,100,99.815002
02/Jan/2023,145.524,146.537,155.136,92.54600000000001,100,100,100.007,99.815002
03/Jan/2023,145.388,146.318,155.131,91.72200000000001,99.915001,100,100.007,99.815002
04/Jan/2023,145.462,144.863,155.275,92.057,99.964996,100,100,99.815002
05/Jan/2023,145.52,143.909,155.313,92.64700000000001,99.922997,100,100,99.815002
06/Jan/2023,146.057,143.833,155.753,93.968,100,100,100.009,99.815002
09/Jan/2023,146.529,143.941,156.375,93.777,100,100,100.145,99.815002
10/Jan/2023,146.65,143.891,156.41,94.432,100,100,100.186,99.815002
11/Jan/2023,146.696,142.001,156.506,95.017,100,99.781998,100.28,99.815002
12/Jan/2023,147.145,142.288,156.942,95.60600000000001,100,97.782997,100.28,99.815002
13/Jan/2023,147.456,142.345,157.296,95.794,100,99.781998,100.287,99.815002
16/Jan/2023,147.142,141.943,157.011,95.351,100,99.781998,100.375,99.815002
17/Jan/2023,146.917,141.892,156.634,95.886,100,98.115997,100.23,99.815002
18/Jan/2023,146.972,141.734,156.893,94.916,100,97.848999,100.698,99.815002
19/Jan/2023,146.778,141.427,156.684,94.84700000000001,99.999001,97.916,100.433,99.815002
20/Jan/2023,146.812,141.58,156.696,94.96000000000001,100,97.903,100.47,99.815002
23/Jan/2023,146.728,141.451,156.574,95.101,99.999001,98.318001,100.371,99.815002
24/Jan/2023,146.824,141.232,156.599,95.714,100,99.758003,100.608,99.815002
25/Jan/2023,146.921,141.377,156.63,96.15300000000001,99.928001,98.219002,100.615,99.815002
26/Jan/2023,146.855,141.161,156.539,96.286,100,98.219002,100.58,99.815002
27/Jan/2023,146.573,141.116,156.239,96.003,100,99.189003,100.608,99.815002
30/Jan/2023,146.935,140.775,156.759,95.79600000000001,100,97.917999,100.894,99.815002
31/Jan/2023,146.849,140.633,156.61,96.077,100,97.852997,100.756,99.815002
01/Feb/2023,142.195,141.089,150.602,96.693,100,98.377998,100.721,99.815002
02/Feb/2023,142.232,141.031,150.644,96.739,100,98.358002,100.436,99.815002
03/Feb/2023,141.621,140.49,150.189,95.247,100,97.933998,100.761,99.815002
06/Feb/2023,141.067,140.281,149.588,94.80200000000001,99.999001,98.233002,100.093,99.815002
07/Feb/2023,141.238,140.2,149.785,94.937,99.980003,97.929001,100.075,99.815002
08/Feb/2023,141.279,139.904,149.887,94.782,99.999001,98.115997,100.158,99.815002
09/Feb/2023,141.341,139.818,150.033,94.446,99.999001,98.115997,100.358,99.815002
10/Feb/2023,141.225,139.689,149.77,95.139,100,97.904999,100.223,99.815002
13/Feb/2023,141.131,139.609,149.561,95.66800000000001,100,97.813004,100.254,99.815002
14/Feb/2023,141.08,139.57,149.499,95.67400000000001,100,98.115997,100.294,99.815002
15/Feb/2023,140.805,139.405,149.257,95.18000000000001,99.950996,97.931999,100.089,99.815002
16/Feb/2023,140.783,139.243,149.227,95.259,99.999001,98.098999,100.061,99.815002
17/Feb/2023,140.803,139.302,149.128,95.907,99.865997,98.134003,100.023,99.815002
20/Feb/2023,140.878,139.099,149.261,95.786,99.950996,97.848999,100.041,99.815002
21/Feb/2023,140.679,138.867,149.058,95.619,99.856003,97.619003,100.034,99.815002
22/Feb/2023,140.594,138.873,148.88,96.006,99.850998,97.529999,100.009,99.815002
23/Feb/2023,140.322,138.837,148.524,96.10000000000001,99.862,97.577003,100,99.815002
24/Feb/2023,140.046,138.559,148.322,95.417,99.950996,97.529999,100.005,99.815002
27/Feb/2023,139.947,138.512,148.169,95.58500000000001,99.856003,97.529999,100,99.815002
28/Feb/2023,140.223,138.602,148.547,95.383,99.815002,97.529999,100,99.815002
01/Mar/2023,140.861,138.793,149.17,96.29300000000001,99.856003,97.529999,100,99.815002
02/Mar/2023,140.434,138.645,148.679,96.102,99.884003,97.529999,100,99.815002
03/Mar/2023,140.698,138.752,148.928,96.509,99.815002,97.529999,100,99.815002
06/Mar/2023,140.573,138.683,148.707,96.88800000000001,99.912003,97.529999,100,99.815002
07/Mar/2023,140.19,138.46,148.345,96.32600000000001,99.856003,97.529999,100,99.815002
08/Mar/2023,140.275,138.177,148.383,96.821,99.815002,97.529999,100,99.815002
09/Mar/2023,140.092,138.255,148.261,96.193,99.815002,97.529999,100,99.815002
10/Mar/2023,140.389,138.438,148.722,95.64,99.815002,97.529999,100,99.815002
13/Mar/2023,140.642,138.681,149.198,94.67700000000001,99.815002,97.529999,100.004,99.815002
14/Mar/2023,140.535,138.714,148.969,95.17700000000001,99.815002,97.529999,100.003,99.815002
15/Mar/2023,140.012,138.437,148.534,94.072,99.982002,96.279999,100.005,100
16/Mar/2023,140.208,138.395,148.631,94.91200000000001,99.815002,97.359001,100,99.815002
17/Mar/2023,140.244,138.495,148.792,94.233,99.944,97.359001,99.972,100
20/Mar/2023,140.382,138.346,148.891,94.705,99.815002,97.263,100,99.815002
21/Mar/2023,140.352,138.373,148.787,95.05800000000001,99.815002,97.263,100,99.815002
22/Mar/2023,140.477,138.715,148.887,95.227,99.815002,97.263,100,99.815002
23/Mar/2023,140.983,138.882,149.567,94.92700000000001,100,97.282997,100.025,100
24/Mar/2023,140.762,138.75,149.196,95.48700000000001,99.903,97.282997,100.008,99.815002
27/Mar/2023,140.713,138.632,149.041,96.048,99.815002,97.282997,100,99.815002
28/Mar/2023,140.855,138.834,149.118,96.51900000000001,99.830002,97.282997,100,99.815002
29/Mar/2023,140.877,138.946,149.033,97.09,99.830002,97.282997,100,99.815002
30/Mar/2023,141.035,139.231,149.159,97.368,99.848999,96.850998,100.005,99.815002
31/Mar/2023,141.085,139.193,149.172,97.65900000000001,99.853996,96.850998,100.001,99.815002
03/Apr/2023,141.031,139.311,149.119,97.52200000000001,99.835999,97.285004,100.009,99.815002
04/Apr/2023,141.046,139.378,149.158,97.38800000000001,99.864998,97.065002,100.007,99.815002
05/Apr/2023,141.02,139.279,149.131,97.392,99.971001,96.847,100.001,99.815002
06/Apr/2023,141.039,139.007,149.2,97.26900000000001,99.950996,96.556999,100.004,99.815002
07/Apr/2023,141.11,139.012,149.249,97.48400000000001,99.856003,96.556999,100.004,99.815002
10/Apr/2023,140.963,138.934,149.099,97.32300000000001,99.857002,96.556999,100,99.815002
11/Apr/2023,140.984,139.042,149.013,97.89400000000001,99.964996,97.935997,100.005,99.815002
12/Apr/2023,141.199,138.926,149.125,98.812,99.964996,96.341003,100,99.815002
13/Apr/2023,141.374,139.23,149.292,98.976,99.964996,96.538002,100,99.815002
14/Apr/2023,141.33,139.179,149.218,99.099,99.995003,96.538002,100.005,99.815002
17/Apr/2023,141.125,138.83,149.045,98.776,100,96.279999,100,100
18/Apr/2023,141.071,138.947,149.04,98.386,99.904999,96.538002,100,99.815002
19/Apr/2023,140.86,138.881,148.91,97.667,99.911003,96.279999,100.007,99.815002
20/Apr/2023,141.023,139.056,149.047,97.97200000000001,99.919998,96.279999,100.005,99.815002
21/Apr/2023,140.89,138.95,148.892,97.949,99.856003,96.279999,100,99.815002
24/Apr/2023,140.889,138.808,148.883,98.048,99.919998,96.279999,100,99.815002
25/Apr/2023,140.379,138.652,148.31,97.738,99.856003,96.151001,100.003,99.815002
26/Apr/2023,140.638,138.579,148.676,97.55,99.919998,95.767998,100.001,99.815002
27/Apr/2023,140.798,138.664,148.743,98.245,99.944,96.408997,100,99.815002
28/Apr/2023,140.896,138.941,148.855,98.196,99.944,96.357002,100.003,99.815002
01/May/2023,140.885,138.885,148.836,98.248,99.964996,96.408997,100,99.815002
02/May/2023,140.818,138.77,148.842,97.8,99.856003,96.279999,100,99.815002
03/May/2023,140.92,138.945,148.86,98.328,99.919998,96.279999,100,99.815002
04/May/2023,140.777,138.7,148.666,98.508,99.93,96.796997,100.007,99.815002
05/May/2023,141.043,138.67,148.886,99.152,99.942001,96.279999,100.012,99.815002
08/May/2023,140.945,138.682,148.851,98.66500000000001,99.932999,96.279999,100.015,99.815002
09/May/2023,140.602,138.302,148.402,98.916,100,96.538002,100.019,99.815002
10/May/2023,140.842,138.027,148.592,99.643,100,96.538002,100.015,99.815002
11/May/2023,140.45,137.697,148.127,99.623,100,96.928001,100.023,99.815002
12/May/2023,140.381,137.529,148.025,99.77500000000001,99.950996,96.867996,100.019,99.815002
15/May/2023,140.669,137.797,148.26,100.36,99.93,96.745003,100.016,99.815002
16/May/2023,140.342,137.395,148.006,99.672,99.953003,96.719002,100.01,99.815002
17/May/2023,140.155,137.311,147.786,99.619,99.921997,96.867996,100.013,99.815002
18/May/2023,139.763,136.944,147.411,99.121,99.856003,96.867996,100.021,99.815002
19/May/2023,139.861,136.895,147.605,98.762,99.919998,96.667,100.011,99.815002
22/May/2023,139.697,136.989,147.376,98.836,99.874001,96.608002,100.016,99.815002
23/May/2023,139.52,136.912,147.179,98.732,99.874001,96.608002,100.021,99.815002
24/May/2023,139.531,136.76,147.144,99.06100000000001,99.815002,96.672997,100.02,99.815002
25/May/2023,139.218,136.05,146.938,98.33500000000001,99.830002,96.346001,100.01,99.815002
26/May/2023,139.453,135.975,147.08,99.2,99.815002,95.486,100,99.815002
29/May/2023,139.324,136.065,146.942,99.03400000000001,99.815002,96.279999,100.009,99.815002
30/May/2023,139.092,135.848,146.701,98.84100000000001,99.815002,95.356003,100,99.815002
31/May/2023,138.727,135.576,146.318,98.53700000000001,99.815002,95.290001,100.001,99.815002
01/Jun/2023,138.985,135.629,146.52,99.18600000000001,99.856003,95.526001,100.003,99.815002
02/Jun/2023,139.054,135.582,146.517,99.699,99.815002,95.68,100.005,99.815002
05/Jun/2023,138.921,135.592,146.263,100.172,99.908997,95.234001,100.002,99.815002
06/Jun/2023,138.766,135.476,146.008,100.542,99.856003,95.234001,100.006,99.815002
07/Jun/2023,138.24,135.463,145.345,100.551,99.944,95.234001,100.015,99.815002
08/Jun/2023,138.389,135.476,145.515,100.642,100,95.234001,100.001,100
09/Jun/2023,138.073,135.17,145.047,101.155,99.870003,94.820999,100.006,99.815002
12/Jun/2023,138.133,135.391,145.104,101.166,99.815002,96.667,100.001,99.815002
13/Jun/2023,138.022,135.182,144.962,101.264,99.944,96.796997,100.004,99.815002
14/Jun/2023,137.689,127.548,145.018,101.862,99.839996,97.039001,100.002,99.835999
15/Jun/2023,137.964,127.622,145.334,101.995,99.839996,96.987,100,99.833
16/Jun/2023,137.901,126.752,145.319,102.01,99.944,96.238998,100.001,99.835999
19/Jun/2023,137.657,125.853,145.023,102.318,99.957001,96.402,100.003,99.875999
20/Jun/2023,137.416,124.963,144.857,101.938,99.944,96.402,100.002,99.835999
21/Jun/2023,137.227,123.617,144.649,102.339,99.944,96.402,100.001,99.815002
22/Jun/2023,137.075,123.408,144.493,102.236,99.986,96.402,100.007,99.815002
23/Jun/2023,136.871,122.733,144.337,101.967,99.856003,96.402,100.007,99.815002
26/Jun/2023,136.453,123.372,143.718,102.205,99.986,96.402,100.011,99.815002
27/Jun/2023,136.495,122.921,143.842,102.007,99.856003,96.402,100.003,99.815002
28/Jun/2023,136.282,122.982,143.625,101.698,99.936996,96.402,100.001,99.815002
29/Jun/2023,135.935,122.472,143.259,101.522,99.971001,95.233002,100.006,99.835999
30/Jun/2023,136.254,122.263,143.566,102.131,99.996002,95.233002,100.001,99.815002
03/Jul/2023,136.147,122.331,143.434,102.087,99.986,94.053001,100.006,99.822998
04/Jul/2023,136.532,122.392,143.956,101.854,99.986,93.846001,100.01,99.835999
05/Jul/2023,136.229,122.201,143.579,101.911,99.987,93.733002,100.005,99.875999
06/Jul/2023,135.942,121.809,143.468,100.703,99.866997,93.846001,100.001,99.815002
07/Jul/2023,136.019,122.186,143.425,101.316,99.973999,93.846001,100.001,99.841003
10/Jul/2023,135.907,121.777,143.329,101.236,99.865997,93.846001,100,99.815002
11/Jul/2023,136.392,122.217,143.845,101.577,99.986,93.920998,100,99.825996
12/Jul/2023,136.647,122.683,144.005,102.262,99.884003,94.575996,100,99.815002
13/Jul/2023,137.106,123.077,144.492,102.591,99.975998,95.176003,100,99.815002
14/Jul/2023,137.18,122.989,144.536,102.896,99.986,95.267998,100.014,99.815002
17/Jul/2023,136.94,123.114,144.233,102.846,99.999001,95.950996,100.018,99.815002
18/Jul/2023,136.55,122.873,143.767,102.813,99.964996,95.913002,100.001,99.815002
19/Jul/2023,136.36,123.098,143.45,103.145,99.918999,95.799004,100.001,99.815002
20/Jul/2023,136.561,122.84,143.807,102.684,99.856003,95.5,100,99.815002
21/Jul/2023,136.647,123.076,143.908,102.629,99.815002,95.676003,100,99.815002
24/Jul/2023,136.746,122.641,143.945,103.289,99.815002,95.386002,100.001,99.815002
25/Jul/2023,137.026,122.867,144.351,102.901,99.958,94.989998,100,99.815002
26/Jul/2023,136.983,122.938,144.225,103.261,99.862999,94.967003,100.001,99.815002
27/Jul/2023,136.628,123.012,143.81,103.053,99.829002,94.343002,100,99.815002
28/Jul/2023,136.633,123.205,143.708,103.569,99.853996,95.309998,100.001,99.815002
31/Jul/2023,136.869,123.157,144.031,103.45,99.815002,94.389999,100,99.815002
01/Aug/2023,136.442,122.799,143.706,102.43,99.815002,94.595001,100,99.815002
02/Aug/2023,136.115,121.85,143.477,101.829,99.815002,94.973,100,99.815002
03/Aug/2023,135.994,121.597,143.645,100.186,99.815002,94.889,100,99.815002
04/Aug/2023,136.181,122.384,143.629,101.228,99.815002,94.469002,100,99.815002
07/Aug/2023,135.986,122.636,143.403,101.018,99.815002,95.169998,100,99.815002
08/Aug/2023,135.157,121.827,142.46,100.799,99.815002,95.526001,99.992996,99.815002
09/Aug/2023,135.778,121.56,143.231,100.981,99.815002,95.526001,100,99.815002
10/Aug/2023,135.787,121.612,143.204,101.169,99.815002,95.526001,99.999001,99.815002
11/Aug/2023,135.622,121.463,143.003,101.188,99.815002,95.526001,99.999001,99.815002
14/Aug/2023,135.071,121.323,142.439,100.534,99.815002,95.526001,100,99.815002
15/Aug/2023,134.806,121.473,142.184,100.045,99.815002,95.526001,100,99.815002
16/Aug/2023,134.859,120.737,142.327,99.934,99.815002,95.440002,100,99.815002
17/Aug/2023,134.973,121.515,142.374,100.134,99.815002,95.398003,100,99.815002
18/Aug/2023,135.105,122.036,142.477,100.266,99.815002,94.889,100,99.815002
21/Aug/2023,134.849,122.123,142.15,100.255,99.815002,95.398003,100,99.889
22/Aug/2023,135.077,121.822,142.368,100.758,99.815002,95.313004,100,99.815002
23/Aug/2023,135.388,122.12,142.549,101.782,99.815002,94.469002,100,99.815002
24/Aug/2023,135.614,121.818,142.894,101.579,99.815002,94.177002,100,99.815002
25/Aug/2023,135.364,121.461,142.572,101.775,99.815002,93.639999,99.997002,99.815002
28/Aug/2023,135.348,121.449,142.577,101.637,99.815002,94.053001,100,99.815002
29/Aug/2023,135.439,121.557,142.658,101.78,99.815002,93.852997,100,99.815002
30/Aug/2023,135.361,121.432,142.598,101.622,99.815002,93.304001,100,99.815002
31/Aug/2023,135.353,121.265,142.792,100.574,99.815002,93.236,100,99.815002
01/Sep/2023,135.355,121.604,142.764,100.596,99.815002,92.982002,100,99.815002
04/Sep/2023,135.225,121.448,142.636,100.468,99.815002,93.033997,100,99.815002
05/Sep/2023,134.829,121.112,142.309,99.672,99.815002,93.033997,100,99.815002
06/Sep/2023,134.662,121.186,142.152,99.35000000000001,99.815002,92.863998,100,99.815002
07/Sep/2023,134.538,120.459,142.056,99.324,99.815002,92.878998,100,99.815002
08/Sep/2023,134.442,120.385,141.972,99.15300000000001,99.815002,92.982002,100,99.815002
11/Sep/2023,135.041,121.834,142.42,100.224,99.815002,92.931,100,99.815002
12/Sep/2023,134.759,120.969,142.136,100.191,99.815002,92.828003,100,99.815002
13/Sep/2023,135.181,121.677,142.519,100.711,99.815002,93.003998,100,99.815002
14/Sep/2023,134.9,120.518,142.176,101.134,99.815002,92.828003,100,99.815002
15/Sep/2023,135.132,120.768,142.433,101.224,99.815002,92.786003,100,99.815002
18/Sep/2023,135.004,120.951,142.248,101.274,99.815002,92.807999,100,99.815002
19/Sep/2023,134.731,120.674,141.931,101.247,99.815002,92.638,100,99.815002
20/Sep/2023,135.036,120.864,142.329,101.09,99.815002,92.623001,100,99.815002
21/Sep/2023,134.745,120.763,142.113,100.306,99.815002,92.521004,99.986,99.815002
22/Sep/2023,134.829,120.916,142.223,100.22,99.815002,92.538002,100,99.815002
25/Sep/2023,134.565,120.562,142.053,99.48400000000001,99.815002,92.418999,99.985001,99.815002
26/Sep/2023,134.43,120.268,141.992,99.01000000000001,99.815002,92.424004,100,99.815002
27/Sep/2023,134.373,120.158,142.063,98.27500000000001,99.815002,92.272003,99.997002,99.815002
28/Sep/2023,134.414,120.292,142.041,98.624,99.815002,92.144997,100,99.815002
29/Sep/2023,134.294,120.383,141.818,98.974,99.815002,92.144997,100,99.815002
02/Oct/2023,134.284,120.192,141.987,98.069,99.815002,91.986,99.995003,99.815002
03/Oct/2023,134.023,119.946,141.962,96.509,99.815002,91.906998,100,99.815002
04/Oct/2023,134.053,120.503,141.931,96.645,99.815002,91.828003,99.972,99.815002
05/Oct/2023,133.949,120.056,141.952,96.004,99.815002,91.761002,99.973999,99.815002
06/Oct/2023,133.992,120.019,141.962,96.258,99.751999,91.797997,99.972,100
09/Oct/2023,134.003,120.159,141.963,96.268,99.815002,91.834999,99.991997,99.815002
10/Oct/2023,134.165,120.371,141.938,97.434,99.815002,91.797997,99.985001,99.815002
11/Oct/2023,134.224,120.615,141.954,97.652,99.815002,91.761002,99.991997,99.815002
12/Oct/2023,133.9,120.312,141.643,97.246,99.815002,91.797997,99.971001,99.815002
13/Oct/2023,134.019,120.146,141.878,96.85000000000001,99.815002,91.761002,99.991997,99.815002
16/Oct/2023,133.883,120.376,141.583,97.43300000000001,99.815002,90.466003,99.991997,99.815002
17/Oct/2023,133.825,120.427,141.523,97.342,99.815002,91.797997,99.999001,99.815002
18/Oct/2023,133.853,119.972,141.714,96.68000000000001,99.815002,91.761002,99.991997,99.815002
19/Oct/2023,133.851,120.055,141.736,96.512,99.815002,90.362999,99.987999,99.815002
20/Oct/2023,133.763,118.263,141.688,96.914,99.815002,91.761002,99.988998,99.815002
23/Oct/2023,133.775,117.82,141.663,97.322,99.771004,90.899002,99.973999,99.815002
24/Oct/2023,133.942,119.414,141.746,97.34700000000001,99.815002,90.736,99.977997,99.815002
25/Oct/2023,133.849,119.36,141.653,97.243,99.815002,90.708,99.973999,99.815002
26/Oct/2023,133.872,119.361,141.616,97.607,99.815002,91.797997,99.960999,99.815002
27/Oct/2023,133.897,119.676,141.613,97.657,99.815002,91.797997,99.963997,99.815002
30/Oct/2023,133.936,119.781,141.657,97.64100000000001,99.771004,91.761002,99.959,99.815002
31/Oct/2023,133.912,119.958,141.604,97.693,99.815002,91.797997,99.972,99.815002
01/Nov/2023,134.066,120.032,141.583,98.83800000000001,99.815002,91.761002,99.969002,99.815002
02/Nov/2023,134.191,120.155,141.617,99.46300000000001,99.815002,91.797997,99.964996,99.815002
03/Nov/2023,134.441,119.905,141.831,100.115,99.815002,91.797997,99.972,99.815002
06/Nov/2023,134.507,120.165,141.905,100.056,99.815002,91.834999,99.967003,99.815002
07/Nov/2023,134.422,120.426,141.756,100.179,99.815002,91.797997,99.956001,99.815002
08/Nov/2023,134.479,119.893,141.983,99.55,99.815002,91.874001,99.962997,99.815002
09/Nov/2023,134.325,119.512,141.943,98.868,99.815002,91.797997,99.972,99.815002
10/Nov/2023,134.338,119.405,141.855,99.48700000000001,99.815002,91.803001,99.956001,99.815002
13/Nov/2023,134.326,119.417,141.85,99.426,99.815002,91.797997,99.994003,99.815002
14/Nov/2023,134.729,119.048,142.179,100.556,99.815002,92.267998,99.974998,99.815002
15/Nov/2023,134.784,119.091,142.251,100.528,99.815002,92.136002,99.995003,99.815002
16/Nov/2023,134.864,119.351,142.315,100.616,99.815002,92.356003,100,99.815002
17/Nov/2023,134.987,119.137,142.544,100.302,99.815002,93.119003,99.974998,99.815002
20/Nov/2023,135.391,119.661,142.871,101.071,99.815002,93.288002,100,99.815002
21/Nov/2023,135.506,119.53,143.122,100.549,99.815002,93.259003,100,99.815002
22/Nov/2023,135.335,119.463,142.922,100.492,99.815002,93.405998,99.974998,99.815002
23/Nov/2023,135.417,119.514,143.017,100.518,99.815002,93.221001,99.974998,99.815002
24/Nov/2023,135.399,119.469,142.961,100.716,99.815002,93.486,100,99.815002
27/Nov/2023,135.433,119.794,142.968,100.783,99.815002,93.583,99.929001,99.815002
28/Nov/2023,135.364,120.074,142.799,101.113,99.815002,93.746002,99.973,99.815002
29/Nov/2023,135.552,119.618,143.18,100.509,99.815002,93.650002,99.995003,99.815002
30/Nov/2023,135.42,119.558,143.086,100.146,99.815002,93.504997,99.991997,99.815002
01/Dec/2023,135.551,119.647,143.092,100.977,99.815002,93.608002,99.995003,99.815002
04/Dec/2023,135.317,119.216,143.034,99.863,99.815002,93.205002,99.995003,99.815002
05/Dec/2023,135.108,119.072,142.747,100.051,99.815002,92.817001,100,99.815002
06/Dec/2023,135.303,118.929,142.925,100.482,99.815002,92.608002,99.964996,99.815002
07/Dec/2023,135.299,119.068,142.98,100.092,99.815002,92.726997,99.984001,99.815002
08/Dec/2023,135.199,119.127,142.837,100.161,99.815002,92.609001,100,99.815002
11/Dec/2023,135.069,118.969,142.716,99.994,99.815002,92.213997,99.983002,99.815002
12/Dec/2023,135.045,118.813,142.707,99.938,99.815002,92.375999,99.987,99.815002
13/Dec/2023,135.148,119.094,142.73,100.412,99.815002,92.628998,99.949997,99.815002
14/Dec/2023,135.681,119.778,143.318,100.582,99.815002,93.358002,100,99.815002
15/Dec/2023,135.645,119.91,143.289,100.433,99.815002,94.855003,99.990997,99.815002
18/Dec/2023,135.552,119.683,143.116,100.838,99.815002,94.910004,99.990997,99.815002
19/Dec/2023,135.629,119.174,143.164,101.319,99.815002,95.181,100,99.815002
20/Dec/2023,135.501,119.228,143.101,100.758,99.815002,95.211998,100,99.815002
21/Dec/2023,135.248,117.795,142.813,101.184,99.815002,95.221001,99.992996,99.815002
22/Dec/2023,135.546,117.697,143.141,101.489,99.815002,95.703003,100,99.815002
25/Dec/2023,135.503,117.65,143.109,101.384,99.815002,95.703003,99.999001,99.815002
26/Dec/2023,135.54,117.512,143.071,101.91,99.815002,93.528999,99.994003,99.815002
27/Dec/2023,135.604,118.181,143.078,102.032,99.830002,94.018997,100.002,99.822998
28/Dec/2023,135.541,117.792,143.092,101.683,99.815002,94.195,100.009,99.815002
29/Dec/2023,135.817,118.183,143.417,101.643,99.815002,93.758003,100.001,99.815002
01/Jan/2024,135.794,118.197,143.387,101.643,99.815002,93.758003,100,99.815002
02/Jan/2024,135.338,117.759,142.977,100.923,99.815002,93.403,100.001,99.815002
03/Jan/2024,135.253,117.423,142.888,100.971,99.815002,93.207001,100,99.815002
04/Jan/2024,135.202,117.167,142.828,101.057,99.815002,93.207001,100,99.815002
05/Jan/2024,135.372,117.092,142.959,101.542,99.815002,93.101997,100,99.815002
08/Jan/2024,135.244,117.095,142.79,101.586,99.815002,93.152,100,99.815002
09/Jan/2024,135.071,117.015,142.707,100.878,99.815002,93.556999,100,99.815002
10/Jan/2024,135.021,116.498,142.662,100.992,99.815002,94.792,100,99.815002
11/Jan/2024,135.083,116.477,142.682,101.323,99.815002,95.333,100,99.815002
12/Jan/2024,135.139,116.446,142.717,101.53,99.815002,95.278999,100,99.815002
15/Jan/2024,135.192,117.793,142.692,101.468,99.815002,93.657997,100,99.815002
16/Jan/2024,134.809,117.744,142.445,100.202,99.815002,93.627998,100,99.815002
17/Jan/2024,134.659,117.485,142.288,100.131,99.815002,93.508003,100,99.815002
18/Jan/2024,134.717,116.885,142.366,100.359,99.815002,93.190002,100,99.815002
19/Jan/2024,134.761,116.909,142.394,100.494,99.815002,93.214996,100,99.815002
22/Jan/2024,134.648,116.737,142.374,99.901,99.815002,93.218002,100,99.815002
23/Jan/2024,134.727,116.422,142.507,99.846,99.815002,93.099998,99.994003,99.815002
24/Jan/2024,134.916,116.741,142.653,100.217,99.815002,93.226997,100,99.815002
25/Jan/2024,134.8,116.923,142.467,100.36,99.815002,92.957001,99.981003,99.815002
26/Jan/2024,134.749,116.709,142.42,100.357,99.815002,93.265999,100,99.815002
29/Jan/2024,134.615,116.774,142.331,99.893,99.815002,92.649002,99.989998,99.815002
30/Jan/2024,134.558,113.868,142.453,100.046,99.815002,92.704002,99.973,99.815002
31/Jan/2024,134.546,113.039,142.516,99.965,99.815002,92.582001,99.999001,99.815002
01/Feb/2024,134.5,111.73,142.469,100.459,99.815002,93.001999,99.989998,99.815002
02/Feb/2024,134.279,111.119,142.362,99.77500000000001,99.815002,92.638,100,99.815002
05/Feb/2024,134.15,110.822,142.256,99.58800000000001,99.815002,92.319,100,99.815002
06/Feb/2024,134.27,111.009,142.329,99.941,99.815002,92.364998,99.990997,99.815002
07/Feb/2024,134.243,110.92,142.315,99.873,99.815002,92.171997,100,99.815002
08/Feb/2024,134.142,110.628,142.285,99.461,99.815002,92.121002,100,99.815002
09/Feb/2024,134.205,110.492,142.303,99.85300000000001,99.815002,92.150002,100,99.815002
12/Feb/2024,134.21,110.391,142.308,99.898,99.815002,92.095001,100,99.815002
13/Feb/2024,134.131,110.138,142.273,99.65600000000001,99.815002,91.986,100,99.815002
14/Feb/2024,134.164,110.394,142.271,99.792,99.815002,92.051003,99.996002,99.815002
15/Feb/2024,134.196,110.647,142.28,99.849,99.815002,92.275002,99.988998,99.815002
16/Feb/2024,133.729,110.84,141.677,99.854,99.815002,92.279999,100,99.815002
19/Feb/2024,133.714,110.815,141.632,100.006,99.815002,92.174004,99.988998,99.815002
20/Feb/2024,133.744,110.206,141.673,100.24,99.815002,92.448997,100,99.815002
21/Feb/2024,133.754,110.283,141.694,100.166,99.815002,93.611,99.967003,99.815002
22/Feb/2024,133.715,110.652,141.69,99.767,99.815002,92.588997,99.988998,99.815002
23/Feb/2024,133.629,110.5,141.651,99.452,99.815002,92.602997,100,99.815002
26/Feb/2024,133.611,110.381,141.619,99.548,99.815002,92.903999,100,99.815002
27/Feb/2024,133.66,110.081,141.607,100.076,99.815002,92.800003,100,99.815002
28/Feb/2024,133.556,109.633,141.563,99.78400000000001,99.815002,92.879997,100,99.815002
29/Feb/2024,133.631,109.721,141.634,99.88200000000001,99.815002,92.754997,100,99.815002
01/Mar/2024,133.634,110.166,141.566,100.085,99.815002,92.698997,100,99.815002
04/Mar/2024,133.617,110.484,141.502,100.188,99.815002,94.221001,100,99.815002
05/Mar/2024,133.611,110.445,141.508,100.131,99.815002,94.360001,100,99.815002
06/Mar/2024,133.228,103.297,141.529,100.367,99.815002,94.452003,100,99.815002
07/Mar/2024,133.306,103.343,141.597,100.511,99.815002,93.154999,100,99.815002
08/Mar/2024,133.375,103.449,141.687,100.452,99.815002,93.380997,100.001,99.815002
11/Mar/2024,133.368,103.365,141.683,100.457,99.815002,93.452003,100.001,99.815002
12/Mar/2024,133.379,103.516,141.672,100.536,99.815002,93.615997,100.001,99.815002
13/Mar/2024,133.369,103.819,141.568,100.908,99.815002,93.663002,100,99.815002
14/Mar/2024,133.319,103.998,141.523,100.737,99.815002,93.433998,100,99.815002
15/Mar/2024,133.283,103.862,141.496,100.688,99.815002,93.473999,100,99.815002
18/Mar/2024,133.144,104.014,141.4,100.196,99.815002,93.026001,100,99.863998
19/Mar/2024,133.124,104.608,141.341,100.134,99.815002,92.991997,100,99.872002
20/Mar/2024,133.22,104.402,141.345,100.856,99.815002,93.407997,100,99.815002
21/Mar/2024,133.251,105.225,141.373,100.571,99.815002,93.146004,100,99.815002
22/Mar/2024,132.92,104.729,141.037,100.339,99.815002,92.707001,100,99.815002
25/Mar/2024,133.086,104.665,141.184,100.7,99.815002,93.119003,100,99.815002
26/Mar/2024,133.02,104.79,141.079,100.776,99.815002,92.876999,100,99.815002
27/Mar/2024,133.014,104.894,141.036,100.924,99.815002,92.738998,100,99.815002
28/Mar/2024,132.937,104.762,141.014,100.566,99.815002,92.663002,100,99.815002
29/Mar/2024,132.999,105.592,141.005,100.696,99.815002,92.806,100,99.815002
01/Apr/2024,132.938,105.654,141.003,100.256,99.815002,92.823997,100,99.815002
02/Apr/2024,132.979,105.842,140.996,100.506,99.815002,92.925003,100,99.815002
03/Apr/2024,132.929,105.442,140.918,100.755,99.815002,93.347,100,99.815002
04/Apr/2024,132.991,105.474,141.009,100.671,99.815002,93.516998,100,99.815002
05/Apr/2024,133.076,106.425,141.009,100.854,99.815002,93.833,100,99.815002
08/Apr/2024,133.146,106.573,140.987,101.398,99.815002,94.330002,100,99.815002
09/Apr/2024,133.161,106.598,141.003,101.399,99.815002,94.330002,100,99.815002
10/Apr/2024,132.953,106.373,140.891,100.675,99.815002,94.330002,100,99.815002
11/Apr/2024,132.955,106.236,140.931,100.528,99.815002,94.330002,100,99.815002
12/Apr/2024,132.798,106.997,140.806,99.807,99.932999,94.330002,100,100
15/Apr/2024,132.667,106.545,140.822,99.012,99.925003,94.330002,100,100
16/Apr/2024,132.318,106.451,140.64,97.64,99.815002,93.998001,100,99.815002
17/Apr/2024,132.401,106.171,140.671,98.16,99.815002,94.325996,100,99.815002
18/Apr/2024,132.383,106.229,140.679,97.968,99.815002,94.330002,100,99.815002
19/Apr/2024,132.541,107.984,140.665,98.39400000000001,99.815002,94.330002,100,99.815002
22/Apr/2024,132.384,105.383,140.639,98.547,99.815002,93.977997,99.992996,99.815002
23/Apr/2024,132.482,105.472,140.642,99.169,99.815002,94.407997,100,99.815002
24/Apr/2024,132.419,105.266,140.655,98.755,99.815002,94.299004,100,99.815002
25/Apr/2024,132.387,105.168,140.699,98.336,99.815002,94.561996,99.992996,99.815002
26/Apr/2024,132.397,104.776,140.642,98.876,99.815002,92.525002,99.975998,99.815002
29/Apr/2024,132.532,104.83,140.74,99.242,99.815002,93.572998,100,99.815002
30/Apr/2024,132.297,104.38,140.665,98.227,99.815002,92.855003,99.999001,99.815002
01/May/2024,132.302,104.42,140.612,98.53400000000001,99.815002,92.723,99.991997,99.815002
02/May/2024,132.51,104.784,140.714,99.255,99.815002,92.919998,99.995003,99.815002
03/May/2024,132.611,104.72,140.783,99.602,99.815002,93.644997,100,99.815002
06/May/2024,132.812,104.781,140.993,99.813,99.815002,94.554001,99.997002,99.815002
07/May/2024,132.78,104.807,140.956,99.785,99.815002,94.288002,100,99.815002
08/May/2024,132.698,104.674,140.899,99.59,99.815002,94.650002,100,99.815002
09/May/2024,132.657,104.642,140.847,99.60300000000001,99.815002,94.330002,100,99.815002
10/May/2024,132.585,104.654,140.784,99.441,99.815002,94.016998,100,99.815002
13/May/2024,132.556,104.925,140.729,99.43600000000001,99.815002,94.683998,100,99.815002
14/May/2024,132.559,104.557,140.724,99.634,99.815002,92.481003,100,99.815002
15/May/2024,132.758,104.569,140.908,99.994,99.815002,92.802002,100,99.815002
16/May/2024,132.78,104.593,140.922,100.059,99.815002,92.769997,100,99.815002
17/May/2024,132.836,104.902,140.909,100.387,99.815002,92.899002,100,99.815002
20/May/2024,132.759,104.505,140.816,100.537,99.815002,92.852997,100,99.815002
21/May/2024,132.699,105.272,140.727,100.283,99.815002,94.288002,100,99.815002
22/May/2024,132.641,104.877,140.756,99.89,99.815002,94.248001,100,99.815002
23/May/2024,132.567,104.358,140.735,99.711,99.815002,92.838997,99.999001,99.815002
24/May/2024,132.561,104.35,140.742,99.63200000000001,99.815002,93.584999,99.996002,99.815002
27/May/2024,132.555,104.385,140.73,99.64400000000001,99.815002,92.870003,99.996002,99.815002
28/May/2024,132.593,105.626,140.699,99.55800000000001,99.815002,94.405998,100,99.815002
29/May/2024,132.375,105.419,140.585,98.768,99.815002,94.448997,99.996002,99.815002
30/May/2024,132.496,106.23,140.696,98.65600000000001,99.815002,94.355003,99.996002,99.815002
31/May/2024,132.246,104.012,140.598,98.393,99.815002,93.103996,99.996002,99.815002
03/Jun/2024,132.155,104.312,140.668,97.26600000000001,99.815002,92.998001,99.987999,99.815002
04/Jun/2024,131.942,103.982,140.552,96.569,99.815002,93.043999,100,99.815002
05/Jun/2024,132,103.772,140.556,97.033,99.815002,92.962997,100,99.815002
06/Jun/2024,131.944,103.778,140.581,96.503,99.815002,93.151001,100,99.815002
07/Jun/2024,131.745,104.155,140.539,95.212,99.815002,93.922997,100,99.815002
10/Jun/2024,131.695,103.636,140.494,95.32900000000001,99.766998,92.638,99.992996,99.815002
11/Jun/2024,131.539,103.681,140.423,94.626,99.810997,92.488998,99.992996,99.815002
12/Jun/2024,131.542,103.847,140.517,94.062,99.815002,93.417,99.992996,99.815002
13/Jun/2024,131.599,103.834,140.465,94.743,99.751999,92.625999,100,99.815002
14/Jun/2024,131.462,103.952,140.33,94.48400000000001,99.709,93.014999,99.981003,99.815002
17/Jun/2024,131.399,104.158,140.313,94.059,99.745003,93.195,99.977997,99.815002
18/Jun/2024,131.48,104.316,140.392,94.12,99.764,93.228996,99.981003,99.815002
19/Jun/2024,131.456,104.339,140.366,94.087,99.815002,92.544998,100,99.815002
20/Jun/2024,131.351,104.296,140.235,94.09700000000001,99.815002,92.370003,99.999001,99.815002
21/Jun/2024,131.402,104.161,140.222,94.57900000000001,99.751999,92.331001,99.996002,99.815002
24/Jun/2024,131.488,103.878,140.254,95.11200000000001,99.815002,92.501999,99.997002,99.815002
25/Jun/2024,131.382,103.694,140.232,94.577,99.717003,92.425003,99.987,99.815002
26/Jun/2024,131.205,103.781,140.181,93.601,99.751999,92.605003,99.996002,99.815002
27/Jun/2024,131.18,103.557,140.19,93.47500000000001,99.806999,92.886002,99.996002,99.815002
28/Jun/2024,131.193,103.819,140.24,93.187,99.774002,93.059998,99.996002,99.815002
01/Jul/2024,131.107,103.6,140.232,92.726,99.815002,92.531998,99.985001,99.815002
02/Jul/2024,131.083,103.355,140.2,92.84100000000001,99.815002,92.554001,99.996002,99.815002
03/Jul/2024,131.2,103.533,140.169,93.744,99.751999,92.727997,99.996002,99.815002
04/Jul/2024,131.368,103.681,140.255,94.361,99.815002,92.468002,99.996002,99.815002
05/Jul/2024,131.358,103.822,140.205,94.509,99.815002,93.252998,99.996002,99.815002
08/Jul/2024,131.425,103.911,140.259,94.643,99.815002,92.785004,100,99.815002
09/Jul/2024,131.454,103.815,140.197,95.214,99.75,92.653,100,99.815002
10/Jul/2024,131.436,103.506,140.131,95.586,99.751999,92.992996,99.997002,99.815002
11/Jul/2024,131.625,103.556,140.373,95.544,99.815002,93.139999,100,99.815002
12/Jul/2024,131.74,103.643,140.418,96.048,99.803001,93.087997,100,99.815002
15/Jul/2024,131.619,103.579,140.334,95.70100000000001,99.803001,94.583,100,99.815002
16/Jul/2024,131.584,103.542,140.265,95.854,99.815002,93.304001,100,99.815002
17/Jul/2024,131.561,103.403,140.342,95.333,99.751999,93.571999,100,99.815002
18/Jul/2024,131.379,103.208,140.313,94.32000000000001,99.815002,93.317001,100,99.815002
19/Jul/2024,131.218,103.136,140.206,93.82600000000001,99.751999,93.271004,99.996002,99.815002
22/Jul/2024,131.271,103.056,140.208,94.21900000000001,99.751999,93.457001,99.996002,99.815002
23/Jul/2024,131.197,102.861,140.21,93.777,99.688004,93.093002,99.991997,99.815002
24/Jul/2024,131.152,102.814,140.302,92.98400000000001,99.685997,93.038002,99.996002,99.815002
25/Jul/2024,131.297,102.813,140.502,92.88800000000001,99.240997,92.986,99.996002,99.815002
26/Jul/2024,131.189,102.931,140.367,92.837,99.751999,93.681999,99.996002,99.815002
29/Jul/2024,131.089,102.796,140.271,92.73,99.751999,92.800003,99.996002,99.815002
30/Jul/2024,130.897,99.07300000000001,140.346,92.55200000000001,99.751999,92.769997,99.986,99.815002
31/Jul/2024,131.097,98.55,140.621,92.646,99.815002,92.746002,100,99.815002
01/Aug/2024,130.823,98.721,140.453,91.604,99.613998,92.587997,99.996002,99.815002
02/Aug/2024,131.254,98.754,141.065,91.208,99.751999,93.093002,100,99.815002
05/Aug/2024,131.288,96.92400000000001,141.301,90.92400000000001,99.758003,93.105003,100,99.815002
06/Aug/2024,131.067,96.929,141.006,91.012,99.815002,93.009003,99.996002,99.815002
07/Aug/2024,131.1,96.614,140.966,91.59,99.815002,93.648003,100,99.815002
08/Aug/2024,131.311,96.31100000000001,141.021,92.873,99.783997,93.458,99.996002,99.815002
09/Aug/2024,131.42,96.17700000000001,141.11,93.191,99.791,93.513,100,100
12/Aug/2024,131.312,96.127,141.032,92.889,99.815002,93.584,100,99.815002
13/Aug/2024,131.514,95.774,141.238,93.304,99.718002,93.844002,99.996002,100
14/Aug/2024,131.652,95.941,141.358,93.527,99.751999,93.929001,100,99.815002
15/Aug/2024,131.487,96.07300000000001,141.107,93.711,99.780998,93.762001,100,99.815002
16/Aug/2024,131.581,96.175,141.215,93.72,99.806,94.287003,99.996002,99.815002
19/Aug/2024,131.876,96.491,141.484,94.154,99.815002,94.612,99.997002,99.815002
20/Aug/2024,131.825,96.392,141.583,93.301,99.815002,94.695,100,99.815002
21/Aug/2024,131.71,96.41800000000001,141.526,92.81100000000001,99.815002,94.994003,100,99.815002
22/Aug/2024,131.433,96.19800000000001,141.386,91.761,99.815002,95.024002,100,99.815002
23/Aug/2024,131.81,96.358,141.602,93.114,99.815002,95.489998,100,99.815002
26/Aug/2024,131.778,96.26000000000001,141.653,92.646,99.815002,95.512001,100,99.815002
27/Aug/2024,131.651,96.282,141.603,92.04300000000001,99.815002,95.609001,100,99.815002
28/Aug/2024,131.609,96.252,141.607,91.742,99.815002,95.459,100,99.815002
29/Aug/2024,131.703,96.35900000000001,141.841,91.069,99.815002,95.281998,100,99.815002
30/Aug/2024,131.74,96.15600000000001,141.875,91.221,99.815002,94.954002,100,99.815002
02/Sep/2024,131.534,96.19500000000001,141.643,91.053,99.815002,95.069,100,99.815002
03/Sep/2024,131.432,95.988,141.579,90.79000000000001,99.815002,94.706001,100,99.815002
04/Sep/2024,131.441,96.089,141.628,90.538,99.751999,96.063004,100,99.815002
05/Sep/2024,131.728,96.018,141.905,91.03400000000001,99.765999,96.373001,100,99.815002
06/Sep/2024,131.702,95.872,141.948,90.679,99.733002,94.900002,100,99.815002
09/Sep/2024,131.492,95.57000000000001,141.686,90.78700000000001,99.751999,94.684998,100,99.815002
10/Sep/2024,131.353,95.48999999999999,141.66,90.009,99.815002,94.616997,100,99.815002
11/Sep/2024,131.418,95.453,141.655,90.497,99.815002,94.591003,100,99.815002
12/Sep/2024,131.534,95.339,141.684,91.184,99.751999,94.848999,100,99.815002
13/Sep/2024,131.862,95.70400000000001,141.913,92.04600000000001,99.800003,94.858002,100,99.815002
16/Sep/2024,131.951,95.759,141.967,92.337,99.800003,96.344002,100,99.815002
17/Sep/2024,132.023,95.79900000000001,141.989,92.693,99.759003,95.013,100,99.815002
18/Sep/2024,132.108,95.852,142.108,92.60600000000001,99.771004,95.236,100,99.815002
19/Sep/2024,132.281,95.88800000000001,142.288,92.79600000000001,99.750999,95.417,100,99.815002
20/Sep/2024,132.31,95.785,142.459,92.10300000000001,99.815002,95.471001,100,99.815002
23/Sep/2024,132.254,95.718,142.422,91.955,99.815002,95.207001,100,99.815002
24/Sep/2024,132.525,96.045,142.606,92.676,99.815002,95.657997,100,99.815002
25/Sep/2024,132.433,95.72800000000001,142.637,92.002,99.815002,95.455002,100,99.815002
26/Sep/2024,132.636,95.96300000000001,142.798,92.425,99.815002,95.640999,100,99.815002
27/Sep/2024,132.632,95.967,142.803,92.366,99.815002,95.595001,100.001,99.815002
30/Sep/2024,132.543,95.803,142.722,92.261,99.815002,95.462997,100.001,99.815002
01/Oct/2024,132.489,95.488,142.65,92.416,99.815002,95.182999,100,99.815002
02/Oct/2024,132.484,95.54000000000001,142.594,92.66800000000001,99.815002,95.084999,100,99.815002
03/Oct/2024,132.38,95.511,142.508,92.434,99.815002,94.760002,100,99.815002
04/Oct/2024,132.378,95.661,142.445,92.69800000000001,99.741997,94.355003,99.997002,99.815002
07/Oct/2024,132.247,95.54300000000001,142.344,92.39700000000001,99.815002,94.275002,99.999001,99.815002
08/Oct/2024,131.924,95.453,142.022,91.976,99.815002,94.257004,100,99.815002
09/Oct/2024,131.648,95.26300000000001,141.804,91.345,99.751999,93.834999,100,99.815002
10/Oct/2024,131.719,95.384,141.853,91.521,99.690002,93.819,100,99.815002
11/Oct/2024,131.842,95.485,141.979,91.628,99.804001,93.822998,100,99.815002
14/Oct/2024,131.684,95.203,141.807,91.605,99.751999,93.329002,100,99.815002
15/Oct/2024,131.325,95.059,141.539,90.657,99.732002,93.473999,100,99.815002
16/Oct/2024,131.306,95.068,141.568,90.36499999999999,99.807999,93.350998,99.999001,99.815002
17/Oct/2024,131.277,95.075,141.523,90.41200000000001,99.764,93.081001,99.997002,99.815002
18/Oct/2024,131.391,95.118,141.718,90.108,99.815002,93.186996,99.997002,99.815002
21/Oct/2024,131.209,94.917,141.536,89.93600000000001,99.771004,92.821999,100,99.815002
22/Oct/2024,131.16,94.89700000000001,141.454,90.05500000000001,99.734001,92.688004,99.997002,99.815002
23/Oct/2024,131.105,94.758,141.382,90.128,99.734001,92.636002,99.995003,99.815002
24/Oct/2024,131.166,94.893,141.41,90.337,99.734001,92.718002,99.980003,99.815002
25/Oct/2024,131.078,94.739,141.41,89.794,99.686996,92.584,99.997002,99.815002
28/Oct/2024,130.969,94.809,141.288,89.68300000000001,99.617996,92.547997,99.980003,99.815002
29/Oct/2024,130.911,94.705,141.297,89.274,99.625,92.681,99.980003,99.815002
30/Oct/2024,130.991,94.708,141.431,89.09400000000001,99.751999,92.799004,99.980003,99.815002
31/Oct/2024,130.978,94.779,141.412,89.081,99.671997,92.839996,99.947998,99.815002
01/Nov/2024,130.805,94.726,141.341,88.29600000000001,99.583,92.765999,99.997002,99.815002
04/Nov/2024,131.059,94.848,141.519,89.02800000000001,99.751999,92.862,99.997002,99.815002
05/Nov/2024,131.085,94.895,141.506,89.255,99.751999,93.466003,99.987,99.815002
06/Nov/2024,130.554,94.256,140.815,89.64400000000001,99.488998,92.665001,99.997002,99.815002
07/Nov/2024,130.932,94.553,141.171,90.17700000000001,99.605003,92.847,99.987,99.815002
08/Nov/2024,130.525,94.312,140.852,89.221,99.575996,91.928001,99.997002,99.815002
11/Nov/2024,130.191,93.90600000000001,140.535,88.821,99.43,91.348,99.997002,99.815002
12/Nov/2024,129.97,93.78700000000001,140.345,88.387,99.125999,91.574997,99.987,99.815002
13/Nov/2024,129.949,93.458,140.391,88.134,99.314003,91.039001,99.997002,99.815002
14/Nov/2024,129.915,93.352,140.309,88.38800000000001,99.314003,90.894997,99.997002,99.815002
15/Nov/2024,129.922,93.458,140.29,88.494,99.613998,90.628998,99.990997,99.815002
18/Nov/2024,129.982,93.65000000000001,140.258,89.004,99.664001,90.679001,99.950996,99.815002
19/Nov/2024,129.944,93.61,140.209,89.027,99.751999,91.007004,99.947998,99.815002
20/Nov/2024,129.884,93.44,140.19,88.788,99.664001,90.778999,99.982002,99.815002
21/Nov/2024,129.835,93.268,140.217,88.374,99.651001,90.894997,99.997002,99.815002
22/Nov/2024,129.792,93.28700000000001,140.168,88.336,99.664001,90.736,99.949997,99.815002
25/Nov/2024,129.885,93.26000000000001,140.235,88.623,99.613998,90.349998,99.964996,99.815002
26/Nov/2024,129.692,93.10900000000001,140.102,88.08800000000001,99.627998,90.679001,99.941002,99.815002
27/Nov/2024,129.648,93.14700000000001,140.15,87.506,99.528,91.091003,99.938004,99.815002
28/Nov/2024,129.627,93.301,140.154,87.27,99.459999,91.024002,99.940002,99.815002
29/Nov/2024,129.677,93.414,140.154,87.57000000000001,99.43,91.197998,99.948997,99.815002
02/Dec/2024,129.317,93.393,139.8,87.039,99.505997,90.679001,99.911003,99.815002
03/Dec/2024,129.319,93.464,139.754,87.27200000000001,99.416,91.197998,99.987,99.815002
04/Dec/2024,129.481,93.88800000000001,139.922,87.291,99.365997,91.124001,99.986,99.815002
05/Dec/2024,129.613,93.861,140.023,87.65900000000001,99.664001,91.300003,99.952003,99.815002
06/Dec/2024,129.523,94.15600000000001,139.961,87.25700000000001,99.551003,91.431,99.982002,99.815002
09/Dec/2024,129.575,94.244,140.006,87.32600000000001,99.676003,91.047997,99.932999,99.815002
10/Dec/2024,129.663,94.346,140.064,87.57600000000001,99.750999,90.905998,99.862,99.815002
11/Dec/2024,129.641,94.435,139.936,88.08800000000001,99.613998,90.733002,99.955002,99.815002
12/Dec/2024,129.526,94.367,139.86,87.735,99.613998,90.524002,99.921997,99.815002
13/Dec/2024,129.428,94.34,139.762,87.611,99.751999,90.361,99.906998,99.815002
16/Dec/2024,129.292,94.5,139.686,87.02500000000001,99.773003,90.375999,99.918999,99.815002
17/Dec/2024,129.254,94.06100000000001,139.645,87.169,99.751999,90.285004,99.918999,100
18/Dec/2024,129.014,93.73400000000001,139.589,85.959,99.683998,89.719002,99.926003,100
19/Dec/2024,128.957,93.53700000000001,139.397,86.697,99.751999,89.752998,99.913002,100
20/Dec/2024,129.107,93.619,139.465,87.32600000000001,99.746002,89.811996,99.898003,100
23/Dec/2024,128.97,93.407,139.436,86.628,99.706001,89.660004,99.919998,100
24/Dec/2024,129.011,93.333,139.478,86.71300000000001,99.706001,89.896004,99.903999,100
25/Dec/2024,128.983,93.416,139.437,86.714,99.751999,89.989998,99.915001,100
26/Dec/2024,128.972,93.27,139.452,86.61199999999999,99.751999,89.713997,99.920998,100
27/Dec/2024,128.923,93.286,139.429,86.398,99.700996,89.775002,99.948997,100
30/Dec/2024,128.832,93.15600000000001,139.385,86.059,99.706001,90.003998,99.911003,100
31/Dec/2024,128.779,93.13200000000001,139.36,85.843,99.457001,89.724998,99.950996,100
01/Jan/2025,128.762,93.239,139.343,85.78,99.626999,89.727997,99.950996,100
02/Jan/2025,128.724,93.133,139.221,86.223,99.459,89.191002,99.93,100
03/Jan/2025,128.598,93.05,139.11,86.001,99.477997,89.157997,99.882004,100
06/Jan/2025,128.721,93.267,139.107,86.773,99.403999,89.638,99.932999,100
07/Jan/2025,128.708,93.255,139.078,86.845,99.528,89.375,99.933998,100
08/Jan/2025,128.616,92.995,138.993,86.78700000000001,99.495003,89.431,99.898003,100
09/Jan/2025,128.631,92.85300000000001,138.986,86.98400000000001,99.385002,89.002998,99.941002,100
10/Jan/2025,128.47,92.66800000000001,138.921,86.31100000000001,99.377998,89.142998,99.945,100
13/Jan/2025,128.42,92.714,138.82,86.503,99.443001,89.508003,99.894997,100
14/Jan/2025,128.509,92.779,138.849,86.932,99.391998,90.063004,99.925003,100
15/Jan/2025,128.577,92.886,138.873,87.21900000000001,99.458,89.282997,99.969002,100
16/Jan/2025,128.433,92.873,138.835,86.44,99.361,89.383003,99.981003,100
17/Jan/2025,128.476,92.94,138.884,86.44500000000001,99.361,89.218002,99.995003,100
20/Jan/2025,128.783,93.252,139.126,87.101,99.385002,90.204002,99.945,100
21/Jan/2025,128.933,93.301,139.336,86.967,99.577003,90.085999,99.933998,100
22/Jan/2025,129.049,93.28400000000001,139.354,87.679,99.551003,89.918999,99.980003,100
23/Jan/2025,128.997,93.241,139.233,87.996,99.553001,89.989998,99.933998,100
24/Jan/2025,129.413,93.504,139.679,88.31100000000001,99.553001,90.073997,99.983002,100
27/Jan/2025,129.265,93.33500000000001,139.592,87.83800000000001,99.553001,91.084999,99.983002,100
28/Jan/2025,129.264,93.336,139.546,88.08800000000001,99.553001,90.738998,99.983002,100
29/Jan/2025,129.287,93.411,139.538,88.256,99.553001,90.543999,99.983002,100
30/Jan/2025,129.238,93.611,139.521,87.928,99.553001,90.852997,99.983002,100
31/Jan/2025,129.243,93.618,139.493,88.111,99.538002,91.080002,99.997002,100
03/Feb/2025,129.194,93.31400000000001,139.326,88.81100000000001,99.223999,91.07,99.940002,99.961998
04/Feb/2025,129.263,93.336,139.389,88.935,99.447998,91.061996,99.983002,100
05/Feb/2025,129.098,93.46000000000001,139.239,88.56400000000001,99.553001,90.948997,99.983002,100
06/Feb/2025,129.022,93.562,139.051,89.02800000000001,99.362999,90.948997,99.945,100
07/Feb/2025,128.956,93.50700000000001,139.039,88.66800000000001,99.379997,90.948997,99.983002,100
10/Feb/2025,128.866,93.486,138.918,88.714,99.281998,90.948997,99.981003,100
11/Feb/2025,128.929,93.33,138.974,88.904,99.265999,90.805,99.983002,100
12/Feb/2025,128.907,93.312,138.941,88.944,99.140999,90.805,99.983002,100
13/Feb/2025,129.088,93.524,139.117,89.14100000000001,99.678001,90.449997,99.983002,100
14/Feb/2025,129.415,93.55500000000001,139.422,89.712,99.728996,90.347,100,100
17/Feb/2025,129.357,93.48400000000001,139.369,89.634,99.553001,90.639,99.997002,100
18/Feb/2025,129.262,93.43900000000001,139.208,89.873,99.553001,90.489998,99.994003,100
19/Feb/2025,129.11,93.434,139.1,89.417,99.417,90.316002,99.931999,100
20/Feb/2025,129.437,93.53,139.435,89.797,99.553001,90.822998,99.981003,100
21/Feb/2025,129.367,93.721,139.4,89.431,99.553001,90.761002,99.992996,100
24/Feb/2025,129.376,93.64400000000001,139.482,89.08,99.553001,90.748001,99.969002,99.928001
25/Feb/2025,129.306,93.566,139.352,89.33800000000001,99.637001,91.168999,99.925003,100
26/Feb/2025,129.211,93.649,139.276,89.066,99.553001,91.040001,99.964996,99.943001
27/Feb/2025,128.936,93.474,139.008,88.70400000000001,99.553001,90.821999,99.997002,100
28/Feb/2025,128.826,93.22,138.966,88.28700000000001,99.530998,90.611,100,100
03/Mar/2025,128.866,93.38,139.019,88.202,99.553001,90.755997,99.969002,100
04/Mar/2025,129.005,93.714,139.149,88.31700000000001,99.542999,91.491997,99.997002,99.928001
05/Mar/2025,129.337,94.17100000000001,139.311,89.521,99.553001,92.416,99.997002,100
06/Mar/2025,129.438,94.155,139.434,89.54600000000001,99.709999,92.416,99.998001,99.975998
07/Mar/2025,129.489,94.03,139.531,89.423,99.751999,92.424004,99.997002,100
10/Mar/2025,129.183,93.866,139.282,88.752,99.751999,92.424004,99.997002,100
11/Mar/2025,129.473,94.16500000000001,139.53,89.265,99.651001,93.100998,99.997002,100
12/Mar/2025,129.422,94.005,139.443,89.453,99.656998,92.971001,100,99.928001
13/Mar/2025,129.401,93.82300000000001,139.415,89.542,99.652,92.954002,99.997002,99.928001
14/Mar/2025,129.557,93.97500000000001,139.484,90.17400000000001,99.652,93.075996,99.989998,99.928001
17/Mar/2025,129.579,94.10900000000001,139.429,90.57300000000001,99.553001,93.122002,99.997002,100
18/Mar/2025,129.736,94.304,139.592,90.68000000000001,99.688004,93.205002,99.989998,100
19/Mar/2025,129.556,94.29600000000001,139.394,90.529,99.713997,93.033997,99.968002,100
20/Mar/2025,129.342,94.19800000000001,139.197,90.16800000000001,99.653,92.823997,99.996002,100
21/Mar/2025,129.327,93.996,139.266,89.76900000000001,99.688004,92.613998,99.997002,100
24/Mar/2025,129.375,94.11,139.306,89.833,99.626999,92.623001,99.987999,100
25/Mar/2025,129.406,94.02500000000001,139.263,90.318,99.626999,92.581001,99.989998,100
26/Mar/2025,129.281,93.93000000000001,139.179,89.961,99.555,92.425003,99.988998,100
27/Mar/2025,129.252,93.911,139.221,89.533,99.578003,92.623001,99.997002,100
28/Mar/2025,129.2,93.798,139.23,89.18000000000001,99.553001,92.737999,99.996002,100
31/Mar/2025,129.295,93.925,139.296,89.42100000000001,99.553001,94.081001,99.969002,100
01/Apr/2025,129.237,93.77800000000001,139.175,89.744,99.553001,93.973999,99.989998,100
02/Apr/2025,129.198,93.527,139.099,89.993,99.553001,92.730003,99.989998,100
03/Apr/2025,129.333,93.836,139.142,90.562,99.553001,93.554001,99.989998,100
04/Apr/2025,128.911,93.432,139.043,88.361,99.553001,93.128998,99.973,100
07/Apr/2025,128.461,92.31,138.743,87.371,99.553001,93.877998,99.985001,100
08/Apr/2025,128.049,92.398,138.368,86.55200000000001,99.443001,94.107002,99.931999,100
09/Apr/2025,128.29,92.605,138.28,88.607,99.417,94.078003,99.962997,100
10/Apr/2025,128.424,92.657,138.58,87.864,99.553001,95.117996,99.932999,100
11/Apr/2025,128.763,92.973,138.893,88.357,99.553001,95.754997,99.908997,100
14/Apr/2025,128.746,93.488,138.756,88.776,99.553001,96.568001,99.966003,100
15/Apr/2025,128.71,93.363,138.771,88.496,99.553001,96.872002,99.971001,100
16/Apr/2025,128.868,93.566,138.869,88.962,99.640999,97.357002,99.929001,100
17/Apr/2025,129.023,93.532,138.95,89.599,99.571999,97.218002,99.954002,100
18/Apr/2025,128.997,93.55500000000001,138.924,89.557,99.642998,97.335999,99.956001,100
21/Apr/2025,129.129,93.745,139.059,89.64400000000001,99.751999,98.078003,99.932999,100
22/Apr/2025,129.091,93.871,138.865,90.38800000000001,99.539001,98.033997,99.963997,100
23/Apr/2025,129.12,93.712,138.904,90.44500000000001,99.591003,97.134003,99.963997,100
24/Apr/2025,129.252,93.724,139.006,90.79000000000001,99.591003,97.442001,99.925003,100
25/Apr/2025,129.283,93.883,139.003,90.955,99.609001,97.341003,99.992996,100
28/Apr/2025,129.296,94.101,138.997,90.98,99.622002,98.238998,99.938004,100
29/Apr/2025,129.439,94.152,139.122,91.26300000000001,99.738998,98.25,99.999001,100
30/Apr/2025,129.542,94.071,139.345,90.789,99.68,98.304001,99.971001,100
01/May/2025,129.533,94.139,139.334,90.764,99.691002,98.293999,99.978996,100
02/May/2025,129.638,94.209,139.43,90.926,99.635002,96.973,99.997002,100
05/May/2025,129.652,94.402,139.503,90.545,99.636002,97.036003,99.973,100
06/May/2025,129.971,94.557,139.91,90.455,99.696999,97.195,99.967003,100
07/May/2025,129.815,94.45,139.734,90.379,99.700996,96.877998,99.995003,100
08/May/2025,129.74,94.476,139.517,91.038,99.720001,96.640999,99.992996,100
09/May/2025,129.757,94.46900000000001,139.51,91.202,99.720001,96.459,99.997002,100
12/May/2025,129.844,94.5,139.694,90.78,99.623001,96.484001,99.995003,100
13/May/2025,129.98,94.479,139.732,91.517,99.718002,96.484001,99.970001,100
14/May/2025,129.848,94.541,139.581,91.411,99.713997,96.067001,99.998001,100
15/May/2025,129.906,94.821,139.708,90.996,99.751999,96.275002,99.989998,100
16/May/2025,129.902,94.682,139.689,91.13200000000001,99.707001,95.367996,99.997002,100
19/May/2025,129.959,94.762,139.694,91.462,99.705002,95.982002,100,100
20/May/2025,129.925,95.063,139.639,91.405,99.705002,96.143997,99.961998,100
21/May/2025,129.96,95.264,139.666,91.41200000000001,99.637001,96.574997,100,100
22/May/2025,129.949,95.23700000000001,139.715,91.08,99.695,97.383003,99.999001,100
23/May/2025,130.355,95.711,140.084,91.663,99.689003,98.228996,99.971001,100
26/May/2025,130.305,95.77800000000001,140.045,91.503,99.696999,97.169998,100,100
27/May/2025,130.223,95.702,139.906,91.73,99.830002,97.108002,100,100
28/May/2025,130.138,95.70100000000001,139.89,91.226,99.764999,96.956001,100,100
29/May/2025,130.24,95.90900000000001,139.951,91.515,99.751999,97.277,99.960999,100
30/May/2025,130.02,95.706,139.792,90.955,99.776001,97.188004,99.989998,100
02/Jun/2025,130.176,95.956,139.86,91.553,99.751999,97.592003,99.996002,100
03/Jun/2025,130.22,95.96600000000001,139.871,91.789,99.776001,97.197998,99.977997,100
04/Jun/2025,130.243,96.04900000000001,139.874,91.893,99.804001,97.458,99.972,100
05/Jun/2025,130.372,96.309,139.952,92.248,99.805,97.573997,99.972,100
06/Jun/2025,130.316,96.295,139.847,92.443,99.805,97.364998,99.981003,100
09/Jun/2025,130.402,96.40000000000001,139.935,92.51000000000001,99.805,97.491997,99.946999,100
10/Jun/2025,130.269,96.57300000000001,139.798,92.27,99.830002,97.516998,99.959,100
11/Jun/2025,130.426,96.547,139.896,92.825,99.833,97.772003,100,100
12/Jun/2025,130.558,96.627,140.032,92.95700000000001,99.845001,98.181999,99.984001,100
13/Jun/2025,130.368,96.514,139.83,92.798,99.821999,97.886002,99.940002,100
16/Jun/2025,130.485,96.529,139.898,93.227,99.806,98.086998,99.940002,100
17/Jun/2025,130.315,96.27200000000001,139.745,93.002,99.845001,98.617996,99.931,100
18/Jun/2025,130.257,96.167,139.66,93.116,99.709999,98.574997,99.931,99.961998
19/Jun/2025,130.076,96.10000000000001,139.444,93.07300000000001,99.706001,98.629997,99.858002,100
20/Jun/2025,130.116,96.134,139.555,92.73100000000001,99.688004,98.744003,99.931,100
23/Jun/2025,130.102,96.185,139.505,92.884,99.646004,98.980003,99.889,100
24/Jun/2025,130.432,96.535,139.863,93.05500000000001,99.739998,98.663002,99.938004,99.990997
25/Jun/2025,130.306,96.64100000000001,139.724,92.899,99.718002,98.989998,99.931,100
26/Jun/2025,130.607,96.76600000000001,139.991,93.46600000000001,99.739998,99.240997,99.947998,100
27/Jun/2025,130.5,96.833,139.846,93.493,99.863998,99.609001,99.931,100
30/Jun/2025,130.715,97.09,140.003,94.001,99.944,99.806999,99.850998,100
01/Jul/2025,130.655,97.324,139.917,93.967,99.944,99.936996,99.93,100
02/Jul/2025,130.75,97.34100000000001,140.009,94.11,99.917999,99.882004,99.931,100
03/Jul/2025,130.8,97.34400000000001,140.006,94.46300000000001,100,100.045,99.910004,100
04/Jul/2025,130.805,97.32600000000001,140.03,94.381,100,100.045,99.910004,100
07/Jul/2025,130.557,96.94,139.867,93.726,99.924004,99.824997,99.934998,99.961998
08/Jul/2025,130.619,96.98100000000001,139.872,94.101,99.944,99.640999,99.959999,100
09/Jul/2025,130.455,96.887,139.826,93.26600000000001,99.789001,99.410004,99.999001,99.981003
10/Jul/2025,130.463,97.137,139.763,93.563,99.944,99.845001,99.911003,100
11/Jul/2025,130.521,96.932,139.891,93.34700000000001,99.944,99.82,99.967003,99.961998
14/Jul/2025,130.441,96.997,139.861,92.935,99.974998,99.616997,99.970001,100
15/Jul/2025,130.397,96.901,139.805,92.97800000000001,99.944,99.82,99.972,99.980003
16/Jul/2025,130.276,96.833,139.634,93.111,99.974998,99.558998,99.960999,100
17/Jul/2025,130.293,96.76900000000001,139.653,93.14400000000001,99.814003,99.805,99.961998,99.947998
18/Jul/2025,130.312,96.889,139.696,92.988,99.936996,99.598999,99.963997,100
21/Jul/2025,130.369,97.125,139.712,93.197,99.944,99.82,99.989998,99.967003
22/Jul/2025,130.296,97.22800000000001,139.601,93.255,99.973999,99.845001,99.959,100
23/Jul/2025,130.45,97.264,139.703,93.746,99.978996,99.865997,99.982002,100
24/Jul/2025,130.533,97.307,139.817,93.673,99.959,99.845001,99.972,100
25/Jul/2025,130.35,97.108,139.68,93.25,99.953003,99.845001,99.956001,100
28/Jul/2025,130.167,97.05,139.558,92.68000000000001,99.805,99.775002,99.966003,100
29/Jul/2025,130.042,97.04600000000001,139.379,92.79900000000001,99.845001,99.596001,99.990997,100
30/Jul/2025,129.854,96.743,139.223,92.485,99.801003,98.992996,99.889,100
31/Jul/2025,129.772,96.574,139.16,92.34,99.804001,99.032997,99.952003,100
01/Aug/2025,129.831,96.651,139.137,92.839,99.82,99.625999,99.954002,100
04/Aug/2025,130.09,96.965,139.388,93.119,99.847,98.552002,99.988998,99.984001
05/Aug/2025,130.088,97.191,139.329,93.325,99.931,99.685997,99.971001,100
06/Aug/2025,130.194,97.196,139.374,93.813,99.847,98.914001,99.997002,99.992996
07/Aug/2025,130.3,97.235,139.45,94.10900000000001,99.82,99.490997,99.972,100
08/Aug/2025,130.277,97.209,139.416,94.15000000000001,99.944,99.393997,99.990997,100
11/Aug/2025,130.193,97.114,139.355,93.941,99.867996,99.488998,99.945,100
12/Aug/2025,130.337,97.199,139.43,94.488,99.845001,99.638,99.999001,100
13/Aug/2025,130.407,97.351,139.532,94.351,99.830002,99.780998,100,100
14/Aug/2025,130.254,97.16200000000001,139.446,93.85000000000001,99.933998,99.487999,99.981003,100
15/Aug/2025,130.293,97.133,139.449,94.10900000000001,100,99.82,100,100
18/Aug/2025,130.25,97.098,139.444,93.85900000000001,99.851997,99.480003,100,100
19/Aug/2025,130.196,97.139,139.465,93.351,99.962997,99.82,100,100
20/Aug/2025,130.167,97.047,139.396,93.57000000000001,99.980003,99.845001,99.999001,100
21/Aug/2025,130.182,96.967,139.417,93.592,99.845001,99.453003,99.974998,100
22/Aug/2025,130.401,97.194,139.553,94.26000000000001,99.918999,99.82,99.994003,100
25/Aug/2025,130.405,97.07600000000001,139.588,94.14100000000001,99.725998,99.278,99.969002,100
26/Aug/2025,130.336,96.916,139.543,93.983,99.82,99.778,99.977997,100
27/Aug/2025,130.301,96.788,139.494,94.06100000000001,99.830002,99.764999,99.971001,100
28/Aug/2025,130.493,96.857,139.714,94.154,99.946999,99.750999,99.980003,100
29/Aug/2025,130.367,96.818,139.575,94.063,99.890999,99.845001,99.994003,100
01/Sep/2025,130.35,96.848,139.564,93.992,99.996002,99.723,99.990997,100
02/Sep/2025,130.231,96.746,139.474,93.706,99.856003,99.700996,99.992996,100
03/Sep/2025,130.263,96.542,139.505,93.846,99.845001,99.441002,99.982002,100
04/Sep/2025,130.251,96.547,139.489,93.845,99.847,99.442001,99.976997,100
05/Sep/2025,130.331,96.708,139.52,94.161,99.918999,99.438004,99.998001,100
08/Sep/2025,130.505,97.136,139.691,94.244,100,99.578003,99.987999,100
09/Sep/2025,130.483,97.182,139.666,94.212,99.867996,99.845001,99.998001,100
10/Sep/2025,130.488,97.23100000000001,139.616,94.495,99.845001,99.808998,99.996002,100
11/Sep/2025,130.555,97.39,139.606,94.95,99.976997,99.857002,100,100
12/Sep/2025,130.619,97.352,139.643,95.20100000000001,99.998001,99.82,99.994003,100
15/Sep/2025,130.724,97.372,139.707,95.56400000000001,100,99.82,99.999001,100
16/Sep/2025,130.813,97.58200000000001,139.737,95.931,100,100.045,100,100
17/Sep/2025,130.924,97.527,139.899,95.83200000000001,100,100,100,100
18/Sep/2025,130.755,97.58800000000001,139.718,95.633,100,100.125,99.994003,100
19/Sep/2025,130.699,97.496,139.678,95.504,100,100.045,100,100
22/Sep/2025,130.685,97.372,139.66,95.553,100,99.899002,100,100
23/Sep/2025,130.685,97.56100000000001,139.578,95.92700000000001,100,100,100,100
24/Sep/2025,130.403,97.509,139.327,95.377,100,100.135,100,100
25/Sep/2025,130.346,97.42100000000001,139.32,95.06400000000001,100,99.845001,100,100
26/Sep/2025,130.434,97.56,139.361,95.38,100,99.845001,99.999001,100
29/Sep/2025,130.537,97.741,139.462,95.462,100,99.845001,99.999001,100
30/Sep/2025,130.515,97.54300000000001,139.427,95.58500000000001,100,100,99.997002,100
01/Oct/2025,130.517,97.96300000000001,139.414,95.5,100,100,99.999001,100
02/Oct/2025,130.546,98.033,139.472,95.351,100,100,100,100
03/Oct/2025,130.564,97.973,139.485,95.43300000000001,100,99.991997,100,100
06/Oct/2025,130.603,98.078,139.472,95.72500000000001,100,100,99.999001,100
07/Oct/2025,130.553,98.074,139.472,95.378,100,100,99.994003,100
08/Oct/2025,130.52,98.062,139.401,95.547,99.925003,99.611,99.998001,100
09/Oct/2025,130.438,97.96300000000001,139.347,95.315,99.884003,99.345001,100,100
10/Oct/2025,130.199,97.863,139.312,93.90300000000001,99.817001,99.376999,99.897003,100
13/Oct/2025,130.329,98.081,139.357,94.468,100,99.884003,99.984001,100
14/Oct/2025,130.24,98.218,139.269,94.274,99.845001,99.318001,99.873001,100
15/Oct/2025,130.491,98.46600000000001,139.503,94.624,100,100,99.835999,100
16/Oct/2025,130.549,98.621,139.525,94.83500000000001,100,100,99.934998,100
17/Oct/2025,130.517,98.657,139.411,95.221,100,100,99.997002,100
20/Oct/2025,130.609,98.593,139.512,95.331,99.919998,99.466003,99.995003,100
21/Oct/2025,130.55,98.387,139.491,95.127,99.845001,99.459,100,100
22/Oct/2025,130.52,98.08200000000001,139.496,95.018,99.856003,99.315002,100,100
23/Oct/2025,130.568,98.19,139.501,95.273,100,100,99.998001,100
24/Oct/2025,130.566,98.218,139.515,95.17700000000001,99.735001,99.268997,99.998001,100
27/Oct/2025,130.647,98.44,139.558,95.40900000000001,99.996002,99.818001,99.982002,100
28/Oct/2025,130.73,98.56400000000001,139.661,95.35900000000001,100,99.817001,99.998001,100
29/Oct/2025,130.707,98.407,139.657,95.28700000000001,99.874001,99.570999,99.998001,100
30/Oct/2025,130.563,98.36200000000001,139.507,95.143,100,99.818001,100,100
31/Oct/2025,130.489,98.053,139.435,95.155,99.884003,99.117996,100,100
03/Nov/2025,130.474,98.261,139.359,95.375,100,98.667999,100,100
04/Nov/2025,130.29,97.965,139.262,94.761,99.949997,98.507004,100,100
05/Nov/2025,130.445,98.036,139.369,95.215,99.885002,99.209,100,100
06/Nov/2025,130.51,98.15000000000001,139.411,95.38800000000001,99.956001,99.702003,99.999001,100
07/Nov/2025,130.553,98.44,139.387,95.68900000000001,100,100,100,100
10/Nov/2025,130.661,98.605,139.42,96.184,100,100,99.997002,100
11/Nov/2025,130.73,98.46600000000001,139.466,96.471,100,98.665001,100,100
12/Nov/2025,130.759,98.621,139.492,96.458,100,100,100,100
13/Nov/2025,130.812,98.77200000000001,139.579,96.29300000000001,100,99.845001,100,100
14/Nov/2025,130.801,98.56700000000001,139.568,96.36,100,100,100,100
17/Nov/2025,130.676,98.44500000000001,139.49,95.977,99.985001,98.702003,100,100
18/Nov/2025,130.65,98.259,139.438,96.158,99.933998,99.152,100,100
19/Nov/2025,130.671,98.108,139.486,96.107,99.941002,98.970001,99.997002,100
20/Nov/2025,130.573,97.97200000000001,139.395,95.98,99.856003,98.928001,100,100
21/Nov/2025,130.421,97.767,139.352,95.252,99.958,98.860001,100,100
24/Nov/2025,130.526,97.901,139.459,95.34,100,100,100,100
25/Nov/2025,130.7,98.03100000000001,139.626,95.572,100,100,100,100
26/Nov/2025,130.841,98.047,139.697,96.146,100,99.537003,100,100
27/Nov/2025,130.778,98.069,139.653,95.94200000000001,100,99.863998,100,100
28/Nov/2025,130.855,98.181,139.696,96.191,100,100,100,100
01/Dec/2025,130.817,98.042,139.709,95.91500000000001,99.950996,99.153,100,100
02/Dec/2025,130.84,98.042,139.694,96.158,99.958,99.214996,100,100
03/Dec/2025,130.9,98.21000000000001,139.712,96.40600000000001,99.948997,99.412003,100,100
04/Dec/2025,130.868,98.27,139.669,96.38800000000001,99.964996,99.294998,100,100
05/Dec/2025,130.708,98.25700000000001,139.617,95.57600000000001,99.948997,99.348999,99.999001,100
08/Dec/2025,130.686,98.31400000000001,139.604,95.477,100,99.852997,99.999001,100
09/Dec/2025,130.768,98.21900000000001,139.7,95.551,100,99.966003,100,100
10/Dec/2025,130.744,98.304,139.702,95.343,100,99.808998,100,100
11/Dec/2025,130.872,98.48,139.715,96.075,100,99.758003,100,100
12/Dec/2025,130.857,98.497,139.691,96.099,100,99.966003,100,100
15/Dec/2025,130.906,98.62,139.742,96.10600000000001,100,99.966003,100,100
16/Dec/2025,130.801,98.809,139.701,95.526,100,100,100,100
17/Dec/2025,130.861,98.60300000000001,139.824,95.357,100,99.925003,100,100
18/Dec/2025,130.893,98.627,139.856,95.39400000000001,100,99.899002,100,100
19/Dec/2025,130.95,98.599,139.941,95.32900000000001,100,100,100,100
22/Dec/2025,130.969,98.746,139.983,95.17100000000001,100,100,100,100
23/Dec/2025,131.14,98.773,140.084,95.78,100,100,99.991997,100
24/Dec/2025,131.2,98.986,140.144,95.776,100,100,99.996002,100
25/Dec/2025,131.278,98.998,140.234,95.82000000000001,100,100,99.996002,100
26/Dec/2025,131.261,98.935,140.229,95.762,100,100,100,100
29/Dec/2025,131.171,99.17100000000001,140.172,95.349,100,100.045,99.994003,100
30/Dec/2025,131.346,99.167,140.288,95.926,100,100,99.998001,100
31/Dec/2025,131.352,99.208,140.296,95.90300000000001,100,100,99.996002,100
01/Jan/2026,99.355,99.262,99.986,95.949,100,100,99.996002,100
02/Jan/2026,99.402,99.346,99.961,96.364,100,100,99.994003,100
05/Jan/2026,99,99.398,99.423,96.52,99.957001,99.619003,99.974998,100
06/Jan/2026,99.089,99.47500000000001,99.496,96.70100000000001,100,99.508003,100,100
07/Jan/2026,98.97200000000001,99.34,99.383,96.57000000000001,99.957001,99.419998,99.996002,100
08/Jan/2026,99.03100000000001,99.18300000000001,99.456,96.646,99.987,99.362,100,100
09/Jan/2026,99.068,99.393,99.462,96.774,99.967003,99.272003,99.987,100
12/Jan/2026,99.119,99.41800000000001,99.511,96.854,99.902,99.393997,99.998001,100
13/Jan/2026,99.10300000000001,99.556,99.422,97.166,99.957001,99.291,100,100
14/Jan/2026,99.01900000000001,99.306,99.35300000000001,97.074,99.992996,99.297997,99.997002,100
15/Jan/2026,99.092,99.3,99.379,97.43300000000001,99.929001,99.143997,99.973999,100
16/Jan/2026,99.044,99.23700000000001,99.316,97.48,99.914001,99.110001,99.973999,100
19/Jan/2026,99.081,99.301,99.327,97.643,99.957001,99.303001,99.959,100
20/Jan/2026,99.065,99.227,99.331,97.544,99.935997,99.632004,99.959,100
21/Jan/2026,99.09400000000001,99.28100000000001,99.245,98.187,99.898003,99.460999,99.880997,100
22/Jan/2026,99.137,99.57300000000001,99.19800000000001,98.618,99.934998,99.760002,99.856003,100
23/Jan/2026,99.229,99.48100000000001,99.29900000000001,98.744,100,100,99.954002,100
26/Jan/2026,99.31700000000001,99.81400000000001,99.38800000000001,98.718,100,100.275,99.977997,100
27/Jan/2026,99.57000000000001,100.056,99.459,99.97500000000001,100,100.458,100,100
28/Jan/2026,99.532,100.389,99.45100000000001,99.61200000000001,100,100.577,100,100
29/Jan/2026,99.545,100.498,99.444,99.696,100,100.642,100,100
30/Jan/2026,99.292,100.098,99.35900000000001,98.587,100,100.152,100,100
02/Feb/2026,99.355,99.762,99.413,98.87,100,100,99.938004,100
03/Feb/2026,99.54900000000001,99.877,99.572,99.28700000000001,100,100.02,100,100
04/Feb/2026,99.512,99.997,99.551,99.09700000000001,100,100,100,100
05/Feb/2026,99.39100000000001,99.744,99.536,98.449,100,100,99.996002,100
06/Feb/2026,99.491,100.008,99.474,99.369,100,100,100,100
09/Feb/2026,99.696,100.328,99.643,99.721,100,100.039,100,100
10/Feb/2026,99.76900000000001,100.348,99.738,99.696,100,100.332,100,100
11/Feb/2026,99.76900000000001,100.467,99.705,99.825,100.016,100.243,100,100
12/Feb/2026,99.773,100.279,99.779,99.53100000000001,100,100.188,100.003,100
13/Feb/2026,99.72200000000001,100.348,99.699,99.586,100,100.226,100,100
16/Feb/2026,99.69200000000001,100.319,99.667,99.56700000000001,100.002,100.156,100,100
17/Feb/2026,99.71300000000001,100.217,99.681,99.678,100,100.173,100,100
18/Feb/2026,99.633,100.192,99.63200000000001,99.40000000000001,100,100,100,100
19/Feb/2026,99.595,99.872,99.60000000000001,99.453,100,100,100,100
20/Feb/2026,99.684,99.914,99.63200000000001,99.876,99.984001,99.867996,99.999001,100
23/Feb/2026,99.63800000000001,99.854,99.607,99.71900000000001,100,99.884003,100,100
24/Feb/2026,99.87,100.324,99.803,100.049,100,100,99.997002,100
25/Feb/2026,100.005,100.161,99.931,100.34,100,100.039,100,100
26/Feb/2026,100.139,100.218,100.16,99.994,100,100,100,100
27/Feb/2026,100,100,100,100,100,100,100,100
02/Mar/2026,99.595,99.227,99.636,99.526,99.939003,99.486,99.935997,100
03/Mar/2026,99.10000000000001,98.31400000000001,99.402,97.777,99.932999,99.165001,99.931,100
04/Mar/2026,99.21300000000001,98.426,99.41500000000001,98.44,99.922997,99.257004,99.922997,100
05/Mar/2026,99.136,98.057,99.474,97.743,99.838997,99.114998,99.878998,100
06/Mar/2026,99.06,98.083,99.39,97.663,99.773003,99.114998,99.841003,100
09/Mar/2026,99.078,97.76300000000001,99.265,98.607,99.758003,99.261002,99.75,100
10/Mar/2026,99.40600000000001,98.026,99.60000000000001,98.923,99.764999,99.155998,99.776001,100
11/Mar/2026,99.383,97.675,99.627,98.758,99.847,98.972,99.902,100
12/Mar/2026,99.14100000000001,97.22200000000001,99.54600000000001,97.73,99.819,99.403,99.850998,100
13/Mar/2026,98.777,96.884,99.25,96.982,99.698997,98.332001,99.834,100
16/Mar/2026,99.017,97.265,99.306,98.17100000000001,99.592003,98.713997,99.734001,100
17/Mar/2026,99.139,97.456,99.377,98.542,99.593002,98.858002,99.761002,100
18/Mar/2026,98.971,97.129,99.363,97.60300000000001,99.698997,98.485001,99.822998,100
19/Mar/2026,98.919,97.32900000000001,99.169,98.212,99.640999,99.068001,99.717003,100
20/Mar/2026,98.742,97.09700000000001,99.161,97.13800000000001,99.698997,98.992996,99.774002,100
23/Mar/2026,98.96300000000001,97.191,99.289,97.92700000000001,99.640999,98.844002,99.842003,100
24/Mar/2026,98.789,97.044,99.07000000000001,97.982,99.593002,99.139999,99.782997,100
25/Mar/2026,98.755,97.068,99.02200000000001,97.997,99.674004,98.938004,99.886002,100
26/Mar/2026,98.54600000000001,96.80500000000001,98.85900000000001,97.563,99.593002,98.811996,99.737999,100
27/Mar/2026,98.42400000000001,96.8,98.75,97.322,99.592003,98.735001,99.695,100
30/Mar/2026,98.392,96.246,98.77800000000001,97.185,99.599998,98.531998,99.813004,100
31/Mar/2026,98.715,96.447,99.023,97.982,99.528,98.588997,99.806999,100
01/Apr/2026,99.036,96.95700000000001,99.291,98.51600000000001,99.672997,99.064003,99.774002,100
02/Apr/2026,98.929,96.645,99.208,98.36,99.587997,98.764999,99.755997,100
03/Apr/2026,98.962,96.449,99.267,98.346,99.593002,98.764999,99.792999,100
06/Apr/2026,98.998,96.65900000000001,99.235,98.681,99.841003,98.735001,99.702003,100
07/Apr/2026,99.161,96.58800000000001,99.443,98.69800000000001,99.519997,98.653999,99.799004,100
08/Apr/2026,99.65900000000001,97.675,99.79600000000001,99.74000000000001,99.691002,99.374001,99.855003,100
09/Apr/2026,99.717,97.795,99.76600000000001,100.257,99.797997,99.351997,99.835999,100
10/Apr/2026,99.756,97.80500000000001,99.72200000000001,100.757,99.801003,99.291,99.917999,100
13/Apr/2026,99.739,97.764,99.66500000000001,100.969,99.723999,99.532997,99.818001,100
14/Apr/2026,99.901,98.19,99.80200000000001,101.157,99.926003,99.910004,99.860001,100
15/Apr/2026,99.84,98.313,99.742,101.014,99.938004,99.823997,99.904999,100
16/Apr/2026,99.85000000000001,98.294,99.756,101.012,99.966003,99.862999,99.957001,100
17/Apr/2026,99.946,98.434,99.85000000000001,101.104,99.843002,99.776001,99.932999,100
20/Apr/2026,99.907,98.28,99.78400000000001,101.264,99.897003,99.776001,99.906998,100
21/Apr/2026,99.834,98.146,99.7,101.274,99.929001,99.694,99.949997,100
22/Apr/2026,99.74000000000001,98.086,99.596,101.221,99.749001,99.553001,99.949997,100
23/Apr/2026,99.55200000000001,97.735,99.51000000000001,100.542,99.752998,99.390999,99.933998,100
24/Apr/2026,99.544,97.73700000000001,99.431,100.915,99.734001,99.390999,99.910004,100
27/Apr/2026,99.625,97.76300000000001,99.559,100.761,99.834999,99.570999,99.938004,100
28/Apr/2026,99.48100000000001,97.518,99.374,100.892,99.726997,99.151001,99.974998,100
29/Apr/2026,99.3,97.26300000000001,99.27200000000001,100.301,99.830002,99.191002,99.924004,100
30/Apr/2026,99.42700000000001,97.253,99.36200000000001,100.689,99.766998,99.549004,99.948997,100
01/May/2026,99.437,97.276,99.369,100.715,99.734001,99.351997,99.955002,100
04/May/2026,99.324,97.223,99.289,100.397,99.864998,99.314003,99.976997,100
05/May/2026,99.419,97.273,99.271,101.124,99.845001,99.498001,99.894997,100
06/May/2026,99.723,97.89700000000001,99.56700000000001,101.342,99.890999,99.447998,99.984001,100
